0a3fbd02779e0f173e84665b8734fa46,393.0,97.0,223.0,316.0,181.0,263.0,1
0a7689002404e5642019e58f1a8af37f,103.0,195.0,110.0,189.0,38.0,181.0,1
0a82cc73bfacf284a758e91940a9dea3,341.0,138.0,343.0,133.0,347.0,140.0,1
0a8bc6e03e40b028f21c0bcc60e52b79,252.0,458.0,249.0,453.0,289.0,386.0,1
0bdbb0b5656cc4bce540c773e698e2f7,141.0,262.0,32.0,43.0,65.0,27.0,1
0c8fc9a0f87f47784d895b6ff5165879,73.0,27.0,138.0,118.0,78.0,33.0,1
007c3cd91daf382c443fe9d4bda71e43,282.0,72.0,114.0,106.0,79.0,92.0,1
06102fc701a17ec051a8b723f81bdd3f,168.0,35.0,172.0,39.0,155.0,279.0,1
0d2fa46c59020acd8b543940b521f41f,3.0,128.0,17.0,120.0,77.0,209.0,1
0d4e03d6d785d4c6906a976ba3e4fbb5,172.0,155.0,236.0,248.0,20.0,106.0,1
0d6b0eb936b499f984a5712aa926fdf5,189.0,228.0,154.0,161.0,168.0,247.0,1
0dbd41766e2104a75efebe994d7c4805,217.0,161.0,212.0,163.0,222.0,166.0,1
0dd8c52dd2604bbb537c70c6dd83adb3,69.0,108.0,70.0,101.0,75.0,107.0,1
0e39d5e789099a1f8ed73f7aa357f0de,298.0,257.0,306.0,260.0,424.0,329.0,1
0e62847118f36dcb58cca5daa3765d69,286.0,193.0,286.0,188.0,265.0,210.0,1
0e6776eac46aa75877e6d137a5e3bdca,28.0,22.0,96.0,140.0,104.0,140.0,1
0fb72cf852c24273835b314b64752abc,15.0,124.0,16.0,130.0,8.0,127.0,1
0ff71b3fcfe140d17dd7a671c01bf61d,204.0,79.0,200.0,117.0,253.0,243.0,1
1a2d100251e213074e54913c19081ac6,62.0,131.0,25.0,120.0,108.0,61.0,1
1adbdc4df44731582c139435bfb51215,210.0,157.0,204.0,156.0,214.0,162.0,1
1bc87949a9872001498be394f15b9168,312.0,202.0,233.0,96.0,315.0,197.0,1
1bf2c00201d106e0836e993e242399c3,216.0,228.0,120.0,286.0,117.0,283.0,1
1c939eff4f30160f842542cf39d5609f,184.0,180.0,183.0,174.0,328.0,307.0,1
1d91882df5a256eb640643c1ac819e7c,268.0,15.0,268.0,8.0,120.0,131.0,1
1e3b6e6a562aa2ca643e526b5dcc4233,107.0,315.0,7.0,406.0,74.0,254.0,1
1eb9c2c7976874d52ed9840f812498c0,104.0,174.0,278.0,169.0,109.0,178.0,1
1f06e68037bba7b5d2eb1c8ef8231c3f,252.0,199.0,248.0,195.0,239.0,40.0,1
1f23ef7439869eb0ae534277e8d46c53,31.0,232.0,152.0,173.0,205.0,246.0,1
1f3af79d7802af23e5673d7da81968e4,110.0,178.0,113.0,174.0,307.0,157.0,1
1fc08eb3b8a1d89e82a6cd607a36d68b,328.0,89.0,173.0,94.0,26.0,86.0,1
1fc62c8b737a77f743d89bbf4214b1a0,61.0,165.0,160.0,117.0,168.0,123.0,1
1fe0a314a4119b5268517141ceb416f3,217.0,129.0,175.0,134.0,245.0,66.0,1
2a088d217f118fa40981321b47eb4d2d,56.0,78.0,55.0,144.0,63.0,78.0,1
2a4ec96473bd2b6cd6773401659d4ce6,155.0,356.0,144.0,252.0,284.0,79.0,1
2a6503a0bd39918bcda55cf44ea68d02,98.0,193.0,143.0,157.0,104.0,190.0,1
13d87ca9c083ef6f86e7004fc7f02bfa,103.0,211.0,102.0,205.0,144.0,204.0,1
2aef7df319e136253d3348ce1db1bc4f,251.0,270.0,245.0,271.0,248.0,269.0,1
2bac3174005f920ceb710d68021596d0,20.0,58.0,219.0,146.0,210.0,144.0,1
2bc3dea5e2a90af23e2d5cf6c75efbef,61.0,100.0,223.0,205.0,163.0,77.0,1
2c07a6547cb7363e5577bfbe74de3346,48.0,134.0,46.0,128.0,114.0,91.0,1
2c48a6568cbd493abcf5d67544757b31,396.0,261.0,397.0,253.0,404.0,258.0,1
0208a801ba5fa58a9ff97f0efe927c6e,268.0,49.0,36.0,144.0,267.0,43.0,1
2cea5f10095a7daa81eeb626852b7e20,175.0,159.0,170.0,159.0,244.0,135.0,1
2da010b6685a71a0118389b8f4b1ecde,34.0,154.0,133.0,126.0,125.0,129.0,1
2e093a940e2201a4f0c353db5f7c9938,270.0,280.0,265.0,279.0,142.0,145.0,1
2e56fba90bdee58ba3fdff0113a67443,150.0,155.0,167.0,178.0,110.0,64.0,1
3add0f35c90afd417e85084e5eb0fb10,175.0,124.0,146.0,139.0,179.0,119.0,1
2d52d2e3fe03b5cba374ab886f2f6628,199.0,391.0,179.0,134.0,125.0,242.0,1
2e3d69ee81fbdea63cbb954bf7379563,111.0,180.0,117.0,184.0,252.0,54.0,1
3b8effe171d2eaf48fdc769eadce56f6,122.0,83.0,118.0,78.0,117.0,151.0,1
3be753d4a77dfd7a656a0de3a02ab7fd,89.0,319.0,94.0,317.0,28.0,293.0,1
3cb6fe593d48be13b19650835ad4760f,263.0,121.0,270.0,124.0,268.0,117.0,1
3cbd5923fdd57b8bbad2a78182bdc0fb,294.0,42.0,306.0,323.0,169.0,155.0,1
0415496afd005abeed0b6dc842b3e41a,622.0,10.0,393.0,102.0,87.0,59.0,1
041c1d85b22dd9020907e49012cafc6b,127.0,118.0,102.0,173.0,239.0,109.0,1
3dd12b0e9605ade1829fdee25a881fcc,156.0,223.0,256.0,185.0,263.0,189.0,1
3eb6dd166ef64b256df9727815b9b49f,154.0,166.0,354.0,103.0,160.0,163.0,1
3fdfbbd9e4791e247a872d4e841b533a,135.0,59.0,246.0,173.0,179.0,336.0,1
400af71a935022ba0b7d8cf49e412984,195.0,156.0,194.0,150.0,188.0,154.0,1
4b5c3939c79dcec4e477a14c4e343a66,219.0,27.0,319.0,84.0,218.0,21.0,1
4c1e6e29189762c22f55747884610419,210.0,13.0,205.0,7.0,173.0,199.0,1
4c3866c072d1638c6157f713794ad7ea,260.0,421.0,18.0,576.0,240.0,507.0,1
4c4ee57eb48f54615456bb11a57636fc,78.0,28.0,221.0,80.0,112.0,136.0,1
4204dc78f2a1f704eae3ea8c55b3f170,243.0,209.0,221.0,169.0,251.0,208.0,1
4d087d16dc445c88627f14ca3cc165cb,18.0,166.0,23.0,170.0,45.0,312.0,1
4dc529f4f88deaeb1eb96a94574b2dad,154.0,147.0,251.0,233.0,122.0,162.0,1
4dc8a8cf4c7444525f864dedcb214c77,203.0,401.0,202.0,394.0,109.0,236.0,1
4e2c66e710660a6fd413191cce2cf239,191.0,11.0,197.0,122.0,279.0,70.0,1
4eb69674b9c8892dda5bcf1bba1d7107,70.0,141.0,212.0,186.0,135.0,15.0,1
4ee24951e578458fa209931beed0130c,264.0,168.0,189.0,119.0,207.0,91.0,1
4f27e5057cc6ca025ef5668b5feeded5,229.0,241.0,387.0,267.0,226.0,235.0,1
4f3f20a00f62e5c9053b4202891ef69c,174.0,159.0,170.0,156.0,58.0,62.0,1
4f406352c2d18801a47c8b8329e98bdf,172.0,230.0,54.0,272.0,176.0,227.0,1
0503ec19418cface08d005837902e7ae,37.0,86.0,28.0,87.0,179.0,179.0,1
4f8468ff81ec0779a617f05619eecf58,175.0,210.0,368.0,104.0,230.0,384.0,1
5029d4009a1733f76328bc349fdde29e,80.0,51.0,79.0,46.0,86.0,54.0,1
5b6ffc10d4943766a95159ad9985e93e,175.0,37.0,290.0,302.0,169.0,35.0,1
5b71723a5065769c2babe13b30164da0,90.0,196.0,86.0,201.0,250.0,161.0,1
5b76d5435b373dddeb319ee8c67f2a86,242.0,137.0,241.0,130.0,236.0,134.0,1
5c88fc307ca1446722cf295551d218a0,227.0,322.0,185.0,235.0,230.0,310.0,1
4e095d288876139ce0c5a7b8541d9be2,180.0,152.0,280.0,253.0,181.0,146.0,1
5cad004d25d11d0b2c34195bfcd96c6e,216.0,545.0,43.0,441.0,218.0,549.0,1
5ce35afe6d4a55b5af644951627627d2,435.0,402.0,520.0,469.0,308.0,235.0,1
5ded79493da1f81e7ea611b6bd0b3a98,200.0,18.0,181.0,128.0,77.0,137.0,1
5e4bda1d02feeed6c8c994d50acb4636,214.0,190.0,145.0,241.0,62.0,261.0,1
5f13b5b702d350076e34d2abec487dae,103.0,216.0,262.0,31.0,99.0,110.0,1
5f1d15afd78184abda85ddb039c61e4a,78.0,364.0,121.0,236.0,104.0,103.0,1
5f484cc2840b13f2fb83c7cd68e08c02,211.0,179.0,395.0,7.0,284.0,113.0,1
5fc24d6c9d6ba7231dbfd52f6386ada4,322.0,198.0,366.0,341.0,323.0,270.0,1
5fe7c4d110d23a13e24c1d1f933c47a7,213.0,122.0,81.0,126.0,213.0,156.0,1
6a57c0d50a71f2c58ddf13762e381004,58.0,160.0,64.0,163.0,59.0,156.0,1
6aacf674a873cefa3eeb69b14cbb10e9,144.0,96.0,119.0,84.0,124.0,80.0,1
6afd0b3b67298cf9067da7039e7e44a5,9.0,168.0,185.0,151.0,187.0,146.0,1
06ff5da1681775d1684f732d5af35d0e,177.0,164.0,172.0,167.0,243.0,145.0,1
6bd60b2eb60ec1d38a445e117fc96dbf,238.0,102.0,241.0,98.0,260.0,465.0,1
6bec263f43d149f7db8db136b943b8b9,131.0,108.0,127.0,104.0,95.0,204.0,1
6c07fad7c42575e25bc530bda75980b5,216.0,22.0,98.0,163.0,106.0,69.0,1
603567658289f26ce1df7f37594abe9c,226.0,181.0,161.0,219.0,230.0,177.0,1
62f52446f05035469f148678e04caf1d,185.0,131.0,179.0,191.0,152.0,137.0,1
08dd2c304e692ccdbed66f9c6c7bb2d0,389.0,156.0,184.0,386.0,447.0,532.0,1
63fb1aabac9377db6e518d3a358945fd,388.0,298.0,75.0,245.0,388.0,304.0,1
6c81f594ce7954c4f53c210ddca23c85,135.0,152.0,152.0,177.0,154.0,170.0,1
6d4ebfdb52db429afb2fd8292bde3281,268.0,331.0,283.0,106.0,240.0,437.0,1
6dac9cfb75b1b3330a18c353597c1299,127.0,67.0,309.0,580.0,126.0,71.0,1
6dae28490d88aa1e3691cabef88fc0eb,102.0,178.0,107.0,175.0,285.0,82.0,1
6dc6863e04e1ef5941c5b3cff90f6b33,158.0,13.0,229.0,61.0,155.0,18.0,1
6e8673f1e2e91b90c20c0d74c74e9974,62.0,51.0,67.0,52.0,83.0,58.0,1
6ea1962e32398ae6dfe39daa3ee52b7e,87.0,101.0,87.0,94.0,82.0,97.0,1
6ee724fda72a684ce5f80b51600c44de,154.0,169.0,150.0,164.0,218.0,155.0,1
6f9ebca27ca218cd936f4760ee9d9863,300.0,197.0,368.0,252.0,340.0,337.0,1
6fb27ce9be342057a097c784875ae0ab,45.0,372.0,48.0,376.0,199.0,67.0,1
6ff3bd626baf70d430ef6cac7589039e,39.0,47.0,43.0,45.0,38.0,41.0,1
7a5a23c10b625f3860fc0e2f6ef32567,204.0,265.0,211.0,267.0,208.0,259.0,1
7a80d7cd89b7e5378e29ea8d624c392f,203.0,175.0,226.0,172.0,198.0,180.0,1
7ac17334a0c75b590f95603e6e623419,78.0,258.0,299.0,130.0,302.0,135.0,1
7b01934fccae430d830e27af79bb503d,338.0,265.0,112.0,125.0,173.0,149.0,1
7c0bcd82ef1980471966704279167652,188.0,240.0,181.0,199.0,196.0,239.0,1
7c7acb86c1b66bcab959eee8334f40dd,132.0,43.0,345.0,47.0,136.0,47.0,1
6f01753dfba67a0d92687485f8419eb1,105.0,153.0,121.0,57.0,116.0,61.0,1
701fd44a2e4ea05dda4f44cd348fb221,302.0,249.0,234.0,81.0,45.0,27.0,1
7f2af87dce1c818a51599869939fdb0f,138.0,152.0,91.0,50.0,143.0,150.0,1
7f553a39cfeabea8bebc8b9f547059f3,345.0,213.0,72.0,226.0,76.0,231.0,1
802ffa3d8b8be5044e2501b1116b4c8d,311.0,191.0,105.0,128.0,100.0,124.0,1
8aa2cf570e13f357e6a0bca10b8d9f06,166.0,95.0,161.0,99.0,172.0,95.0,1
8ab82264340d89b4c426369808bd77b9,188.0,135.0,360.0,577.0,190.0,129.0,1
8af5e8c92966b0c6a9c928637ead5187,155.0,132.0,160.0,134.0,158.0,126.0,1
8ca9544a5391b16344cc1617d1664584,143.0,200.0,139.0,204.0,84.0,136.0,1
8cc4bdbfd6c9d4cef5dfb294f026bc59,233.0,229.0,296.0,186.0,239.0,226.0,1
816cf97dea4956df3cc50f8619232fc1,82.0,253.0,271.0,98.0,150.0,115.0,1
83b11d32d70059a909ba19724dfb3781,292.0,95.0,340.0,321.0,286.0,94.0,1
8e6fa0136db55d2b76ef1e1620a46808,259.0,110.0,259.0,105.0,252.0,108.0,1
8e75b5187a6228d5811b0df7fcf5f99c,228.0,156.0,192.0,193.0,224.0,157.0,1
8e8bfef31919bd92a163c2863ec44f48,237.0,51.0,310.0,472.0,308.0,411.0,1
8e9a8d190f97b6c643ae599086ea74a3,198.0,89.0,200.0,94.0,204.0,88.0,1
08f6d3f1c7b5b5ecedb19cb55f38d490,294.0,201.0,290.0,160.0,257.0,141.0,1
8f3022af1832ffe37220a5ff39a3d6cf,324.0,93.0,313.0,186.0,320.0,90.0,1
9a35a621397fda78d186ee427559eeee,106.0,175.0,51.0,88.0,149.0,147.0,1
9b2d6a17a7d41efd9219aceb88f1174f,215.0,168.0,210.0,173.0,208.0,167.0,1
9b38c69c0ae2066458bf0bff1500edd4,134.0,140.0,122.0,112.0,116.0,109.0,1
9be391b629f599dd6af4990797112903,174.0,115.0,178.0,119.0,103.0,26.0,1
9d75a3ac71c6489498495bf7293f2e1e,176.0,138.0,178.0,143.0,244.0,154.0,1
8fed3a87e77ddbaf8757e0bde0e87c3e,9.0,532.0,356.0,37.0,10.0,295.0,1
09ed7b55c3e369f9385ef18e58c63034,99.0,162.0,190.0,131.0,279.0,75.0,1
0a07da8dacf5a75e171d0aaf05a647b8,324.0,276.0,331.0,279.0,325.0,282.0,1
9f428f2e42744cd7415ed93a140103af,71.0,137.0,66.0,131.0,179.0,219.0,1
10e1bb31a723ca898656a67ef9a12577,300.0,43.0,307.0,45.0,189.0,177.0,1
11ee04a824220005fbe20be9691fc47e,26.0,4.0,23.0,6.0,27.0,42.0,1
14d5cf3c7f903c6598b74e9d3f21fe52,240.0,394.0,221.0,365.0,49.0,211.0,1
18fbccbd196449cd8fef959be43ceb88,174.0,275.0,106.0,114.0,103.0,417.0,1
1936579ef661bbcd2854d19ab74e8b1f,408.0,340.0,361.0,515.0,354.0,193.0,1
211f832eeb12d057d34c31c471a20b3a,104.0,129.0,109.0,127.0,106.0,116.0,1
23c9c5ee411182b9436abbe113c16a3a,280.0,218.0,331.0,316.0,217.0,241.0,1
2419193f708c33b6daca1e34490b9148,195.0,122.0,155.0,41.0,154.0,36.0,1
25e1408bb61634ae0fd7e383f52bf87c,57.0,259.0,157.0,119.0,33.0,203.0,1
2632a42b23d72522b376ad543447366e,70.0,195.0,147.0,187.0,66.0,190.0,1
31299a16f5db337229c9cb69f455137c,142.0,219.0,88.0,14.0,92.0,11.0,1
32e6aa5bb14450b832824a4be2c79c24,350.0,200.0,217.0,363.0,120.0,170.0,1
39311075fa4e821b2c4a5f29c01e16d4,163.0,117.0,99.0,342.0,166.0,122.0,1
3945c2619a6a3cb998c282d13665f1cc,106.0,295.0,312.0,296.0,70.0,27.0,1
4444c34c8f3556252c8c46c72c652c87,144.0,156.0,226.0,186.0,148.0,164.0,1
4473d3883c195f5381dca64870fb918b,362.0,5.0,368.0,6.0,355.0,5.0,1
468a1524d45e32872a4d85bac406706d,422.0,505.0,369.0,353.0,266.0,282.0,1
48087659b0e095ca61252d486017f3e1,348.0,186.0,344.0,181.0,116.0,301.0,1
48163654c30f715c1688fd40c7040e2f,201.0,147.0,192.0,148.0,207.0,147.0,1
49da6b87783d5081c2ace59ed1ae9609,500.0,190.0,492.0,193.0,494.0,186.0,1
51ac7ec93e17c8a3aefe8ca012eb9b48,4.0,62.0,5.0,56.0,135.0,138.0,1
51d5f04cb94058089f603ed710097b56,238.0,63.0,243.0,58.0,237.0,56.0,1
52357eceb826771de1c0d6f11a0498d7,252.0,70.0,285.0,10.0,247.0,71.0,1
5306bd16b9008e881b79418c509413e4,262.0,175.0,258.0,172.0,264.0,171.0,1
540b76f4e2fb2c88abdf81e74525af04,139.0,554.0,138.0,547.0,8.0,262.0,1
56eb67d2c63a5e6d29580dba9d59c4fc,249.0,85.0,152.0,126.0,245.0,91.0,1
58bee1fb0540c95dda79af4c01adf5ef,220.0,229.0,196.0,177.0,108.0,112.0,1
58c6c604d0756f8e0d44dcab55ebbcf4,144.0,59.0,164.0,173.0,10.0,125.0,1
5907000e7070ba0b2564764a7d32faa2,133.0,379.0,252.0,420.0,129.0,390.0,1
61eaea87fc24bc951e31e637e8b7cb2f,62.0,48.0,63.0,42.0,69.0,50.0,1
6200aecd3b981968dfc21c91e1c7c96f,229.0,42.0,228.0,37.0,89.0,120.0,1
63220c13720a5b9802c644d697bd9477,6.0,310.0,33.0,78.0,118.0,140.0,1
633eca226e107110e36a1febe2622746,32.0,379.0,138.0,402.0,36.0,382.0,1
6569f349f4a2e71cdc66e783ecf12105,197.0,302.0,276.0,177.0,220.0,452.0,1
65ebd0737ab4ba24653af7eb0ae050d7,129.0,96.0,130.0,90.0,134.0,95.0,1
66250ae9f7a74c628ebdc09bcfc25d96,228.0,197.0,202.0,46.0,280.0,284.0,1
6903f9a0f58ca83ad034047aba5e1b83,160.0,179.0,220.0,160.0,166.0,178.0,1
710f6d4ff3c6caff05d3a92f856b5537,231.0,235.0,229.0,243.0,221.0,232.0,1
72bbef77d662242651996380940d37dd,137.0,84.0,143.0,38.0,8.0,172.0,1
73de3fb0ea9ec65ed3298b45a32473f8,225.0,318.0,393.0,95.0,177.0,264.0,1
75c1467649899cf87af8d39fa426a320,165.0,165.0,167.0,160.0,91.0,84.0,1
75d590174471870cb33bc3061e223d05,134.0,215.0,126.0,214.0,96.0,80.0,1
820d7c25efc5fcb6f6f3f20e1f4a1db7,111.0,84.0,117.0,84.0,114.0,88.0,1
824cfca4fa6a1ebe52ab6468acdd1d71,196.0,55.0,157.0,102.0,159.0,106.0,1
83b75961b10406192170276aadfbed73,326.0,569.0,325.0,575.0,320.0,571.0,1
83db35490a23ce701a6d1a2a922e6091,197.0,187.0,196.0,180.0,195.0,197.0,1
8a12d0aa571c6bdb4a3a7c94c2b62936,94.0,251.0,123.0,201.0,260.0,4.0,1
91e30e3c547c025eb073e2dc107f2b02,321.0,306.0,323.0,310.0,170.0,129.0,1
928d5a26fefffd185c6caf41382ab697,158.0,144.0,141.0,81.0,152.0,145.0,1
950e35a2244603c495d408e849d3e1cf,156.0,196.0,163.0,202.0,162.0,194.0,1
96035a131113e89c754800119cdca879,89.0,42.0,80.0,43.0,251.0,1.0,1
962775fdeaabe79a2463b89dc45e60b3,181.0,242.0,167.0,165.0,197.0,21.0,1
33fa001f67e0f6dad4dbdcdcf1dae970,157.0,133.0,161.0,137.0,24.0,337.0,1
34259322879385a7cee2fc3b2cd84622,347.0,33.0,88.0,154.0,343.0,27.0,1
03c6cea351e512bfd00640f01da94b7f,327.0,299.0,106.0,117.0,345.0,101.0,1
05c42929186fa3ecf011074444ea60b4,428.0,531.0,446.0,467.0,417.0,503.0,1
05e74f9c117b73b67ec130fcd852af53,127.0,311.0,123.0,307.0,132.0,314.0,1
060d1c17ca16ddf33150ae0339f051ac,151.0,198.0,330.0,577.0,53.0,188.0,1
675b2a017274e09656893cae821b323e,36.0,172.0,313.0,116.0,294.0,65.0,1
6766bee9802f263e2a9d3974ca4bd31d,257.0,148.0,383.0,43.0,352.0,74.0,1
67d2849c67f062c4ea509fbe3e9a5bbf,155.0,143.0,149.0,142.0,152.0,137.0,1
67d90f8fd7c9f0afe72f4bb966cfabb8,144.0,178.0,280.0,81.0,298.0,101.0,1
71f0471c892c70e809fc40a34d3a4f81,129.0,175.0,120.0,116.0,207.0,211.0,1
720e256992dc9b16f0a55d7c1d1663aa,196.0,465.0,150.0,92.0,239.0,54.0,1
830c2f861e3d5f67a3711e2ea079a332,242.0,99.0,351.0,575.0,221.0,547.0,1
128a03366af7351689069354e647895d,150.0,97.0,147.0,80.0,147.0,86.0,1
21360b4c9e333b571081441d12333934,16.0,33.0,12.0,348.0,11.0,32.0,1
213a1d9c22e9e0800cd9dfa2e2250f4e,241.0,14.0,243.0,8.0,138.0,121.0,1
215e9ce23c5b5bbe80b3af0f6c22cd8a,233.0,126.0,227.0,151.0,231.0,149.0,1
22d8ac268b02796142fcc1f0d710b8d8,184.0,129.0,185.0,121.0,149.0,131.0,1
25188726462d542c6e4d17538afbc907,242.0,216.0,243.0,210.0,151.0,180.0,1
3244c5565e8519862bc19f0ad6c3ad9b,231.0,15.0,237.0,17.0,175.0,91.0,1
38263358789d92752945ccf4348c3add,34.0,470.0,30.0,473.0,39.0,474.0,1
38477b8792c82c0642a717203e124558,149.0,151.0,285.0,153.0,152.0,157.0,1
39f0b68e1102bebda46d421d0bda3dad,135.0,233.0,136.0,239.0,173.0,161.0,1
40e8b9a723e0883e0810a305ac433949,360.0,285.0,355.0,288.0,365.0,289.0,1
41138d7ce066c8640c5978738f55c376,266.0,181.0,262.0,176.0,264.0,186.0,1
046ab37c71da1bbf6629be3f5cc7a056,93.0,344.0,204.0,213.0,167.0,188.0,1
04829d6ebe10f840c4629732f8728f2c,339.0,579.0,113.0,550.0,333.0,574.0,1
5093fd50312c458c6ae67f40ab29f107,311.0,402.0,316.0,407.0,203.0,239.0,1
644037af75ca27cfe3d97ab7f6396a60,372.0,106.0,182.0,167.0,187.0,164.0,1
749a481312a0b2fdd7d75dbf0966e6c0,97.0,214.0,101.0,217.0,101.0,210.0,1
7504857caeba0137a791decc6966f534,173.0,330.0,159.0,292.0,163.0,297.0,1
773b0ba9ca28ebade8083f10ec810890,55.0,67.0,157.0,177.0,162.0,181.0,1
774638a848b4acb406db580725c9b937,511.0,119.0,513.0,125.0,177.0,154.0,1
8615d69eab92069f5a4a1de180e8612f,172.0,34.0,150.0,319.0,40.0,390.0,1
9406fbacc0012261b395553b9d09e616,487.0,287.0,486.0,280.0,482.0,284.0,1
11a1cae541d769b9f3f3da68afc4feee,208.0,157.0,260.0,163.0,211.0,164.0,1
11c177b01e24f0fc0c42752cffb4538d,376.0,129.0,188.0,152.0,388.0,206.0,1
11e6675ce1d232980d09880057d66a8b,27.0,280.0,206.0,281.0,25.0,282.0,1
184c213ac8baba4fd7b765af1f8977c7,141.0,336.0,136.0,332.0,143.0,331.0,1
185878965300f6497b053a4cef235fec,154.0,105.0,85.0,103.0,110.0,162.0,1
2064ead18de3277f0d8628aca2671559,340.0,170.0,334.0,176.0,328.0,171.0,1
5292a42582e70bda4b6e722e1468e873,158.0,153.0,113.0,127.0,113.0,106.0,1
629b54a9fd95351c22469348b36354ae,288.0,143.0,104.0,136.0,107.0,129.0,1
62d0ea2d2d801b58641b8c285e0b7ddd,293.0,121.0,299.0,124.0,231.0,243.0,1
682a71f837e9006c471f9351ecd7823f,252.0,105.0,254.0,96.0,251.0,112.0,1
916a632b914dd0fbf9984f97d5f4eec3,46.0,84.0,41.0,82.0,111.0,72.0,1
91a9e7a762f3b9908c32d7dc4debd5ce,146.0,366.0,232.0,173.0,150.0,370.0,1
91acb55dabe2bcbaa72b938e46a21d76,23.0,52.0,28.0,55.0,20.0,47.0,1
91af251207f880c7e95e95cac6346713,186.0,107.0,118.0,257.0,181.0,108.0,1
91cffa7be0172a7fb6a7af41be923194,241.0,257.0,210.0,233.0,152.0,272.0,1
959020ce35190bd6dc16dbcaa1febac3,442.0,49.0,209.0,130.0,215.0,128.0,1
01925f3aad3fe3015bba620c482a6f3a,235.0,204.0,175.0,36.0,240.0,208.0,1
01b64075e3385957586ee687f04fe950,99.0,194.0,155.0,249.0,266.0,261.0,1
424e1adcd92d905faa7269fcaa010e23,341.0,126.0,241.0,66.0,38.0,53.0,1
69a26cc0582607554d5e985ae91e0b1d,10.0,532.0,6.0,528.0,238.0,181.0,1
6a25344bcc93a81dea281634257366ad,193.0,146.0,199.0,145.0,202.0,142.0,1
0a1aeec8555a93bae45ed56ba39efe15,155.0,12.0,16.0,182.0,150.0,14.0,1
0bccf0622e7967ff4b6d51c2cce5f9a2,290.0,96.0,242.0,350.0,10.0,422.0,1
817145ef4ae95c3636943b916d9caa78,151.0,162.0,158.0,161.0,153.0,156.0,1
81b99c4f7134cdcf7c6d0a69088dff5b,330.0,164.0,98.0,70.0,182.0,86.0,1
81c7173784184c0d6645038922981051,296.0,225.0,181.0,320.0,289.0,237.0,1
874f2b26c1835d430901b6df91c0c4db,202.0,159.0,207.0,154.0,197.0,160.0,1
8760d9ee9eca0591cb55437c0f81b114,260.0,10.0,287.0,148.0,144.0,85.0,1
87cc51065d3cc57aecfcdafc46afa7d7,181.0,192.0,99.0,85.0,177.0,188.0,1
19785346c4fc729a8d15fe2c10624ff9,198.0,147.0,75.0,199.0,89.0,102.0,1
19ba2833019626fae9cfe953c63f0323,145.0,41.0,141.0,37.0,151.0,150.0,1
19f51244e9993806b695f5cfcfdbcd58,188.0,57.0,228.0,188.0,85.0,65.0,1
44b3c99674101b34550a03d997aaa62f,161.0,105.0,223.0,209.0,11.0,303.0,1
45077733859be57e971c44ef649763c3,343.0,357.0,348.0,355.0,157.0,291.0,1
599ee0d68d0c6ca20dc6db5649b7ea4d,27.0,437.0,261.0,579.0,253.0,575.0,1
573b23de4f58fb128bb5bc9a180cedc4,164.0,107.0,164.0,101.0,161.0,96.0,1
59e2ed5d4148142558ce91e63620adbe,159.0,154.0,165.0,40.0,167.0,34.0,1
5b371924ebfb277494477096feefb431,335.0,347.0,306.0,289.0,178.0,150.0,1
7341c11f44c6161f6d1cd8f99cb512b1,308.0,567.0,312.0,120.0,211.0,558.0,1
737b8b07611959ba2e16490e4d080340,185.0,277.0,195.0,278.0,195.0,290.0,1
7397544b43ff5d8840f36829c2a0be94,82.0,82.0,81.0,76.0,76.0,81.0,1
73976d2b06d1883f64c5bb83fcd0d2be,257.0,123.0,95.0,416.0,18.0,575.0,1
75ac7d5b7c7081cebec674a0948d0858,322.0,201.0,328.0,201.0,331.0,195.0,1
766ed72df23a7b13afaf21b7446fb7fe,141.0,178.0,104.0,134.0,43.0,25.0,1
77488d9aa3e2584a590ff3a9f213fe9c,159.0,157.0,162.0,163.0,155.0,159.0,1
796a5922242be3709427ac579aa451d5,129.0,277.0,90.0,308.0,133.0,281.0,1
7b8b5b7e0810493c322bcab91ce3a471,312.0,152.0,316.0,157.0,307.0,152.0,1
78b45d21e8d01d03896bb586a1cf4261,199.0,178.0,315.0,194.0,188.0,198.0,1
78c8e89695928d37e09ac022938aa691,58.0,22.0,172.0,138.0,240.0,166.0,1
096ed528abfd0c3ed23f134b327d1410,135.0,426.0,154.0,85.0,269.0,361.0,1
09a918b93f0cabed0203b989e1fe814f,170.0,506.0,156.0,12.0,173.0,510.0,1
58990093aaa749fc964ea3c5298ef3ac,151.0,580.0,134.0,246.0,212.0,185.0,1
839c82e59789f97abe8e3fa81e4e2d67,166.0,129.0,128.0,78.0,100.0,153.0,1
8bf94ab3dd7b720e6f233a57f8c02e0a,321.0,15.0,85.0,236.0,318.0,9.0,1
a0f9ecbd9e07e270327712d78dfd33c2,221.0,178.0,337.0,130.0,157.0,96.0,1
a2aa83b91a9b8d47c32c5d733157d2ee,160.0,284.0,284.0,31.0,91.0,3.0,1
a2ade3cca660e560592d745f2099b853,259.0,181.0,257.0,176.0,263.0,188.0,1
a423819e45d0a3ed70aea5a8c94a0eac,231.0,201.0,231.0,85.0,53.0,62.0,1
a60acf3ac10edc4a0366f678a291f71b,158.0,161.0,160.0,166.0,143.0,97.0,1
a1c27310bb7c051fc2a383daab0abaeb,64.0,51.0,59.0,51.0,61.0,45.0,1
a00541ff753b30c67ea922ba9a108508,55.0,123.0,52.0,118.0,180.0,189.0,1
a2682cb1c3fcec05c3107f7100abb489,160.0,133.0,154.0,131.0,151.0,128.0,1
aa2201884736d038744bd1fdf0948d4a,204.0,159.0,28.0,93.0,287.0,21.0,1
ab8439551e4822998d6e7fd1b85bd68c,123.0,149.0,128.0,150.0,123.0,143.0,1
aba4c89da131d2e1410cdc95497b336d,166.0,152.0,137.0,124.0,167.0,158.0,1
ac4d55e69ab5ce9c515056259909adf5,243.0,406.0,721.0,268.0,846.0,644.0,1
ac60217c83bbcf804e0f7357bf56d3de,284.0,245.0,281.0,240.0,278.0,244.0,1
ac874f4485b0119acec01bde732d8ad0,263.0,121.0,262.0,116.0,268.0,124.0,1
aca1e23149a67528f908da8d5f201459,179.0,69.0,46.0,200.0,66.0,261.0,1
acb01c1b90187cf3c5391a66ddcd7091,131.0,238.0,98.0,551.0,135.0,234.0,1
addf1c1e90d29e3e9359c2cdc51c3448,53.0,105.0,56.0,110.0,52.0,99.0,1
af57aaf1393bd7f91f86ae2c80f4170a,141.0,17.0,259.0,131.0,261.0,126.0,1
af7c0acd3dc4e39a49c4e9a8fa740ce8,223.0,289.0,217.0,291.0,145.0,449.0,1
b1fce93ef775ed94240798fcaf4880f2,259.0,278.0,266.0,283.0,253.0,281.0,1
b207f4dfba32edee99f7e7667b875a64,95.0,180.0,75.0,166.0,101.0,105.0,1
b21d4a25970a835d98838c570d4df4ff,168.0,356.0,211.0,130.0,207.0,126.0,1
b24236ada3952a5051ddd179787f98cc,168.0,221.0,34.0,144.0,163.0,223.0,1
b3d8bfb345e22013a39ef9128c534f04,148.0,42.0,124.0,142.0,145.0,37.0,1
b5f4e5cc2bd99a393f79f8d1374f3c73,244.0,328.0,246.0,318.0,328.0,280.0,1
b62eb87bd388c53069645e9950543ac7,169.0,162.0,173.0,165.0,306.0,91.0,1
b6ea23bf24dc7a00186ec476dbb0f2e1,150.0,149.0,154.0,146.0,158.0,127.0,1
b12d6219ff1c1bb2eecf84495c83a7d7,236.0,184.0,234.0,177.0,246.0,120.0,1
b18ef4a4566d72fdb6fc7fd3c8a3007b,151.0,314.0,145.0,316.0,156.0,316.0,1
b2e0b2cfe2f9ee563c49f45a30b8cc12,215.0,143.0,221.0,173.0,335.0,278.0,1
afcf911ead8fcd7b81d0e2d43b731027,245.0,184.0,259.0,139.0,167.0,114.0,1
b2bfe5889ce2ad4c6106bdae998e8da5,213.0,330.0,208.0,330.0,60.0,87.0,1
b7272cc72dc260e8dacab88c1fa93e4a,246.0,243.0,240.0,242.0,236.0,170.0,1
b7283ac9c34f52f0b45965272a05efa5,135.0,125.0,140.0,123.0,142.0,129.0,1
b99673405220e37a1b15d5cbd1c1fda0,392.0,8.0,129.0,91.0,99.0,141.0,1
b4069c1fc7b76581df6a7c1ee9e4b5eb,159.0,158.0,164.0,157.0,159.0,153.0,1
b45aad1807355df28e33aec0cbf2276d,163.0,185.0,167.0,183.0,289.0,580.0,1
b47cb925cfc40f7cc7360dfebd7b725b,17.0,34.0,287.0,207.0,12.0,348.0,1
ba102478e79588743e95472fd042f6a7,187.0,241.0,177.0,242.0,109.0,233.0,1
ba3f5ed24e57c517c4e1b40e8ca73f52,130.0,111.0,224.0,240.0,7.0,205.0,1
bb4c59b204f73884d4df6d00d70642e5,218.0,113.0,81.0,54.0,224.0,115.0,1
bbea990ac84c45c0d79c71bd93851eb6,110.0,176.0,4.0,395.0,151.0,558.0,1
bc49dc4e4cbe666a6a807edfb0a33a08,232.0,239.0,233.0,233.0,20.0,205.0,1
be7188fc691f8a3fa4143a1c7fd0c682,193.0,198.0,199.0,195.0,187.0,197.0,1
b8d85b559dfe2a0b09e48f7d6e895e3d,179.0,101.0,73.0,54.0,228.0,229.0,1
bb7d3511349bf37f05d0a246355b5053,243.0,104.0,203.0,97.0,156.0,169.0,1
bf223a6f957aaf201b8e62e915c25514,143.0,171.0,19.0,157.0,99.0,62.0,1
bf3171a6f85da122d0d81d96e5339367,143.0,122.0,136.0,120.0,148.0,117.0,1
bf3f74f2bbd2e12f325dacd9991346d5,347.0,128.0,344.0,123.0,342.0,131.0,1
bfb1c7238f7ff396968ff06fc54f014c,85.0,238.0,250.0,44.0,84.0,269.0,1
c018f32764832b45bebc18a35d711c8b,221.0,234.0,224.0,229.0,218.0,228.0,1
c026ca0984b600c55e482b19920442e0,150.0,173.0,240.0,311.0,247.0,312.0,1
c5dc678dff914933111899648a671433,260.0,272.0,282.0,182.0,263.0,277.0,1
c840d9e2c1fd0b82231b873642a925d5,142.0,276.0,170.0,162.0,196.0,101.0,1
c85fb8ac7f96becf3af36ba32ee99dac,296.0,336.0,313.0,113.0,300.0,332.0,1
c6f1f4f60bb83388bc2a4c218ce9551c,148.0,74.0,94.0,87.0,144.0,70.0,1
c501c98444d739362d789b1a5db9328c,193.0,164.0,196.0,159.0,190.0,169.0,1
c38a9dd5d9da96c77f670bd16167d2bb,353.0,195.0,392.0,158.0,350.0,190.0,1
c3a0219628e784d5f35656fde43dec8f,222.0,183.0,104.0,111.0,111.0,112.0,1
c3bc51ae499db675fc9030f545592f14,218.0,265.0,360.0,182.0,256.0,241.0,1
c99af80f7f0be36c8c930918e3899ab5,187.0,179.0,178.0,150.0,174.0,156.0,1
c25007eca40e6838db7ef8e80145c70f,179.0,138.0,201.0,187.0,177.0,143.0,1
ca2b1c4986980e2a8860fc631d6285e8,483.0,18.0,216.0,358.0,459.0,192.0,1
ca4f9471158655b746c332898a7c0a49,131.0,127.0,274.0,143.0,120.0,63.0,1
ca6bff62f4e46cbb192152ec843ebdbf,130.0,22.0,126.0,17.0,18.0,220.0,1
cc268da546c4821676eda44e4b51fdc2,236.0,23.0,266.0,181.0,277.0,240.0,1
cc4d77f94ef10ae6e5007d1bdca6af49,120.0,145.0,117.0,140.0,110.0,144.0,1
ccbca291021f8d3bd4ec185904e1e2ed,340.0,580.0,325.0,579.0,150.0,157.0,1
cccf3eea593e3b182f94e960dbab829a,168.0,248.0,168.0,242.0,159.0,247.0,1
ccd4a562e39c95c770181279e53065ae,324.0,294.0,225.0,210.0,247.0,254.0,1
cd892a7f6b334dd0a18d7ae86edba212,447.0,204.0,54.0,215.0,439.0,444.0,1
cda8961da0112f94bf595a0207cf126c,201.0,165.0,201.0,158.0,196.0,161.0,1
ce7ee4433f713e9c4cf6a14abb4f5a8b,320.0,256.0,230.0,138.0,102.0,47.0,1
cf31fc2bdd7308ac5c845c72b280ea19,171.0,123.0,284.0,138.0,332.0,158.0,1
cf5d95ed6f3e975131a11a8c6180d26e,236.0,393.0,242.0,396.0,233.0,387.0,1
cfb44e6c8cbc26703745f74a6ef63dc5,285.0,265.0,133.0,156.0,130.0,162.0,1
d15d1952fef9cedb495075e8efa243dc,40.0,236.0,246.0,233.0,272.0,330.0,1
d400678aeca0f6316996ecbf8d258691,58.0,211.0,63.0,207.0,238.0,214.0,1
d4316aea9df1b0021834a7470a0d72ea,201.0,216.0,196.0,214.0,224.0,228.0,1
d7c59750fa6cfd29fb2c7b9e876bf776,328.0,106.0,155.0,569.0,153.0,576.0,1
d80f9d497ac99d020129f1134cd169ae,278.0,275.0,130.0,458.0,87.0,347.0,1
cde20eb3474d500c8c1b121d1f866e7d,200.0,475.0,68.0,559.0,206.0,470.0,1
d067cdbf77bcb6568d7f743e27a77e80,176.0,117.0,178.0,123.0,173.0,112.0,1
d0eaa1da4046495cb1f66e0cbc35cbd3,97.0,169.0,93.0,166.0,286.0,78.0,1
d2aa613794c351b62dba233e566fa962,101.0,516.0,242.0,244.0,237.0,242.0,1
d918cf51d44e727ce9b8b5bc214e7c13,146.0,203.0,395.0,135.0,150.0,207.0,1
d9690b8f1b03e8cfe8b4f30f363250d9,17.0,153.0,244.0,183.0,243.0,174.0,1
d5e156a164625141aee0085a8ca4f2c0,152.0,224.0,45.0,84.0,66.0,216.0,1
d5eb6a5494b9d007a510591665ed3016,15.0,272.0,106.0,224.0,185.0,69.0,1
d62bcd3858c6fd1d8a26770565218027,346.0,118.0,340.0,116.0,189.0,154.0,1
d87469a57da16cc26c1e0ce6c74aa075,326.0,166.0,331.0,170.0,325.0,159.0,1
d35dfd02c133dfafa0f73b54c48416d1,82.0,75.0,209.0,187.0,172.0,178.0,1
d3b7e165b17a139b81a6a11baac850f6,339.0,264.0,385.0,167.0,198.0,176.0,1
da52e41105a017decdb3eeed92c34dca,226.0,383.0,20.0,403.0,119.0,165.0,1
dad6f99320f1148de134bbdd5493f7bb,154.0,171.0,47.0,282.0,50.0,285.0,1
daf7eb9c03c0d572b236f4aaf00f8e29,32.0,264.0,197.0,153.0,104.0,201.0,1
d4fb3875a4cec3921fe3fb0833ca4aba,141.0,296.0,253.0,269.0,256.0,264.0,1
d888403e6f1cdb42e2952923b7e44830,128.0,340.0,244.0,376.0,124.0,345.0,1
db1fdf756f783fa6bdf63e47bad9ecca,209.0,249.0,210.0,243.0,203.0,242.0,1
de5d3c7b9ccc9841bbcbd0a6bd22171e,475.0,251.0,482.0,251.0,125.0,232.0,1
def080ba5f616bdabfc6f70a433ef0ff,181.0,262.0,173.0,157.0,168.0,155.0,1
df77f4e0eb602cae80d626d7b962dc97,155.0,127.0,156.0,133.0,161.0,132.0,1
dfcafcd9de3a85875b03a55d37cbd24d,285.0,265.0,245.0,199.0,281.0,257.0,1
dff1875df3d3862036c6a04b46c26714,63.0,85.0,62.0,80.0,125.0,36.0,1
e177d6a974cc785540ea41145bf09dc2,447.0,31.0,176.0,141.0,155.0,181.0,1
e1c39117b0c25e4e6bd8b100f291e4f4,206.0,204.0,267.0,171.0,203.0,199.0,1
e358e9931cace55cc328f96df16e2e28,270.0,77.0,143.0,99.0,277.0,77.0,1
e3594011fe1c06550fb6f2989717b9a2,224.0,23.0,398.0,232.0,219.0,21.0,1
df5b7bcd76927943757c32e5e997f7f3,151.0,140.0,149.0,133.0,155.0,144.0,1
e0db7008374be18254b48117dcfc5d29,176.0,137.0,205.0,167.0,170.0,138.0,1
85bfc8b3c93b473aa92ce1ed07691331,313.0,182.0,153.0,153.0,315.0,181.0,1
d4488acfe72bb3da5a38f7911ad711ad,339.0,238.0,341.0,251.0,342.0,259.0,1
e5e72a6627df2c31979a19b22fd8f4e2,271.0,280.0,266.0,280.0,176.0,223.0,1
e7e03171dff8c05fd44308bf480249b1,45.0,142.0,50.0,139.0,51.0,145.0,1
e8cc2ff40f2a2e83bb33462a06731dfa,238.0,230.0,228.0,206.0,238.0,208.0,1
e922c3fa1b95062699cd529d1833c5b0,199.0,100.0,191.0,99.0,201.0,104.0,1
e5196e9cbd77b27c66cbe596e8487bbd,96.0,516.0,262.0,54.0,309.0,367.0,1
e5323fce312349e0276a2d4de7212f9f,308.0,4.0,314.0,215.0,307.0,213.0,1
e582b04419122273ad69edf25efa28b2,206.0,149.0,127.0,304.0,210.0,144.0,1
e37db108d313263377a5006dc39fde22,202.0,306.0,208.0,306.0,205.0,301.0,1
e387ea3ec3d560b0bf66e727c570ca07,117.0,247.0,118.0,254.0,128.0,270.0,1
ea4e969b85d8cd1ba8b2688f5d8cda49,264.0,160.0,327.0,69.0,13.0,336.0,1
e80697c625ea1d1df87e8a3d65f8d670,240.0,227.0,235.0,223.0,239.0,220.0,1
eafa10c549c4d0e90ee123a8886ce0ca,71.0,183.0,64.0,187.0,77.0,185.0,1
eafaee42782c8e8cce0542bdf7e358ab,208.0,145.0,210.0,140.0,212.0,147.0,1
eb849d398ef0dd917516306a8851bb72,141.0,153.0,145.0,149.0,139.0,147.0,1
ebcf3c7faa4b33d7bbeb287bfa10416b,169.0,330.0,205.0,213.0,214.0,232.0,1
ec1d3e383e58ca3346a6baf39b48040e,146.0,325.0,141.0,321.0,243.0,354.0,1
ec22008762ac1a9d94448e1cbe4dd8a1,166.0,125.0,165.0,132.0,167.0,140.0,1
ec4b7945e2f8d0fdd4cd75e2587b087d,111.0,185.0,150.0,187.0,170.0,137.0,1
ec4d276122393ed14d560b8355179441,308.0,185.0,194.0,195.0,312.0,181.0,1
ecb2508e77a52859376945edc9e807c8,99.0,42.0,393.0,297.0,102.0,39.0,1
ecc8c7db9cda6f20f0dd4cf86ffefe2c,273.0,85.0,271.0,80.0,245.0,165.0,1
ed178ce34afc136c5d41dbd4e3df8c8f,173.0,157.0,171.0,150.0,167.0,157.0,1
edfe03f53f3f9b9d480201868bfbe863,224.0,82.0,229.0,57.0,203.0,116.0,1
ef090a013a161ced9b8fac4eceaa2333,271.0,152.0,261.0,177.0,268.0,159.0,1
ef4e99e4d6cb9bf869102f16e68dc199,319.0,479.0,189.0,366.0,317.0,473.0,1
ef5689cbdf2a319fa10abdab11c4ef30,65.0,236.0,94.0,210.0,65.0,230.0,1
ef5ee5db091e7f2929c989b033072458,119.0,88.0,161.0,89.0,122.0,83.0,1
efa6a51dbeceac7452d4f66d99e07e3f,166.0,37.0,167.0,32.0,147.0,115.0,1
efef108d6055e580a6279ee4d483e6eb,135.0,153.0,139.0,158.0,133.0,147.0,1
f7fd64ab15e9c1a93a2fe67c8ca43980,151.0,54.0,152.0,48.0,175.0,194.0,1
f2c1f507217a5990b98b91c495c57692,81.0,134.0,86.0,129.0,204.0,122.0,1
f30926100365314f42cf5c972c2928bc,147.0,133.0,191.0,128.0,141.0,129.0,1
f6dced914dc18e177f05818bafedc68e,218.0,116.0,214.0,119.0,163.0,95.0,1
f083505b2da3fcdd2b5ede5135a16d21,257.0,72.0,252.0,69.0,94.0,72.0,1
f08acee9697d8959ecade82d7d6ba09c,260.0,346.0,155.0,355.0,169.0,156.0,1
f487e11eb0c443c5c443fec6f8955e2e,312.0,86.0,23.0,293.0,17.0,294.0,1
f09400fc0e438f22e7e9b2a896cd47e8,108.0,155.0,114.0,155.0,311.0,23.0,1
f4c0eaa5b2d168ddcf7e657b3d04df2a,273.0,85.0,271.0,80.0,276.0,90.0,1
f35957f812f8fb2a72ec83ec7198dff3,93.0,140.0,59.0,98.0,95.0,145.0,1
f36c874659798edb9091804864971acc,161.0,27.0,245.0,111.0,368.0,401.0,1
fa4524dbc90f2745d411128edada4c10,151.0,198.0,195.0,510.0,148.0,190.0,1
fae0b0b603da36da25b191fbd4a4bb76,129.0,177.0,131.0,172.0,223.0,194.0,1
fca6c76d7c3ff2535b9dbd61d168f7c7,269.0,220.0,187.0,283.0,221.0,166.0,1
fcf155b6876a5d1ab07650a23981df9c,185.0,167.0,201.0,196.0,180.0,165.0,1
fcf7a9940a58e01276dd53e879d192ab,118.0,144.0,115.0,140.0,71.0,164.0,1
fd9e4022337589285e98d0cca07a9d3b,229.0,156.0,118.0,313.0,433.0,260.0,1
fda7196736355aea2958e3a0c25507e9,146.0,95.0,27.0,511.0,144.0,100.0,1
feb97ca71c3444b6c9eb534cab9e132c,170.0,263.0,172.0,269.0,164.0,259.0,1
ff179830cafb7a25a42c15dd8d47adc6,107.0,486.0,334.0,569.0,46.0,414.0,1
ffc28946bd561d02a880c583260b0e12,99.0,136.0,93.0,136.0,102.0,141.0,1
ff4fa1fd304f9422d7b4e47cfbfb1c94,328.0,107.0,110.0,254.0,251.0,39.0,1
ff6d1c1eda2df11d3f1779a4099dd1e1,87.0,97.0,91.0,94.0,32.0,13.0,1
0042521709f9feadc4ac2f7a41fb3cfe,133.0,244.0,132.0,252.0,369.0,577.0,1
00716770b4e5b557fd7e3340ebfeeb14,247.0,229.0,241.0,229.0,253.0,225.0,1
0116704c79dbda949002823577479c72,317.0,10.0,210.0,231.0,78.0,22.0,1
0149eb84b253772df3f6d3b479cd71d1,223.0,148.0,219.0,142.0,218.0,151.0,1
b28bbc64d0ae8f0eef4da530c46eaf9a,104.0,123.0,254.0,150.0,84.0,101.0,1
b3a158787e8255789a333a930248ddd0,7.0,305.0,381.0,8.0,125.0,198.0,1
b55ba3d23db881920820e9e42c7be139,328.0,375.0,368.0,329.0,47.0,580.0,1
61b19397eecb79d28c47b736ca0c5750,198.0,171.0,196.0,167.0,39.0,254.0,1
61e06882eac90a2095dbb56775f34137,238.0,47.0,185.0,163.0,337.0,15.0,1
62770d907e3228917f8b09bb3a7746e4,210.0,100.0,164.0,30.0,296.0,182.0,1
64533a0ed80f77bdd9872a4337f363cf,56.0,220.0,213.0,200.0,72.0,91.0,1
67dd1af67dd02b00fa1ea40adb0e05a5,33.0,498.0,203.0,300.0,182.0,74.0,1
63809ef069a504dc8fbd66fd1f408229,301.0,254.0,288.0,246.0,303.0,244.0,1
6381d1386a7c3a6536a53b444bbed1c3,200.0,174.0,108.0,102.0,121.0,81.0,1
d5c071843221acd94251ecade043f385,382.0,383.0,377.0,379.0,388.0,385.0,1
d68ad260be1b09b864012f7365b9f2c0,233.0,227.0,346.0,222.0,226.0,225.0,1
d6a47356291628735207f055875d3510,162.0,197.0,204.0,261.0,147.0,170.0,1
d814235b643e3f4e5bff4e836e5abbc9,253.0,17.0,250.0,421.0,221.0,279.0,1
d81fbf0fd03a10209dfb9c06cab0f830,142.0,311.0,198.0,546.0,66.0,144.0,1
d822f9743273b5062b51ee76fb7deae8,44.0,45.0,25.0,60.0,15.0,2.0,1
d8ac6e006a14a77ea97286998139c7f2,133.0,143.0,141.0,142.0,136.0,134.0,1
7937564d689fd0e68af07fde4ec525cf,226.0,29.0,221.0,26.0,331.0,255.0,1
795d792e2517faeddbce68433b74afa2,110.0,223.0,105.0,226.0,219.0,140.0,1
16b78ff36c6546521039f4b2a39cd96b,173.0,203.0,169.0,201.0,189.0,98.0,1
f0b43c2ec94c392978185b832ea066e6,174.0,184.0,168.0,185.0,170.0,180.0,1
f0b67ac12ed68f09c05c618d71dd992d,294.0,374.0,326.0,217.0,290.0,371.0,1
f0d04ea8b0cf1cf7637b03183c611531,315.0,222.0,69.0,117.0,314.0,214.0,1
f414ff965cc4e425a1cd7f425a97ff74,159.0,58.0,206.0,182.0,39.0,118.0,1
9af18fb26a492d1e83953a98f2e987be,288.0,547.0,155.0,215.0,100.0,320.0,1
9b17a3a5c346c384e5c6185630dc2560,398.0,226.0,406.0,322.0,394.0,43.0,1
124bc95dc0c84724f972cae6da05cb62,154.0,24.0,374.0,64.0,346.0,275.0,1
134d10edb5710a3d7264a8706c08fcb5,85.0,170.0,92.0,169.0,159.0,195.0,1
135fde01ee1357c344a34075dad467a8,166.0,87.0,169.0,81.0,161.0,84.0,1
13c55dabaa7c4b1327660559ad45e6da,188.0,259.0,234.0,206.0,186.0,253.0,1
1491e8dde87b414eae4e5690c2ae6a05,239.0,77.0,139.0,211.0,131.0,211.0,1
156ca17dd9698ae96241515415979acb,136.0,15.0,181.0,504.0,423.0,266.0,1
1589d10a46270c51877e9350ba802938,65.0,49.0,250.0,21.0,59.0,46.0,1
c79bb8fb3a9a8398d52427f7a17dfcfc,161.0,144.0,163.0,139.0,11.0,51.0,1
c8b282d7ec8b861fb8d9e1202de19150,227.0,166.0,224.0,171.0,263.0,197.0,1
4341186e72ec35aa6eca9caab24ddf1e,250.0,218.0,106.0,112.0,245.0,215.0,1
44831bbf1d1453578816a813346aa14a,154.0,241.0,283.0,503.0,160.0,243.0,1
4361cb517b54ea6efd4b8888dca49275,167.0,150.0,174.0,124.0,72.0,141.0,1
88551cfc011d3747f14b0128de5efc5c,273.0,265.0,150.0,155.0,145.0,151.0,1
89808101e5448380c3620a9191b6a150,122.0,105.0,146.0,186.0,126.0,100.0,1
899a96be958a3ef5ef6b91a8eb6f72eb,198.0,265.0,202.0,261.0,163.0,233.0,1
8a22971da45dfe9ad6792a33a5fae9a6,98.0,301.0,96.0,296.0,92.0,300.0,1
8b2c02dfdc099e192172b41d7ae7abbe,146.0,23.0,163.0,105.0,149.0,29.0,1
709f776def7f4c6352bd9a09c2d9c040,93.0,229.0,331.0,577.0,341.0,577.0,1
716472a6acf1960fcc97cdf9eb649527,222.0,122.0,218.0,125.0,265.0,25.0,1
e624e85d53ba5d3765157f39b5732e57,234.0,45.0,231.0,40.0,217.0,130.0,1
e67bc69198ed2f65c0d6b86540a0c494,262.0,82.0,147.0,29.0,261.0,76.0,1
e737fba6e0ad3cbb1858724106e19d68,388.0,298.0,261.0,36.0,26.0,295.0,1
a485d5a763716abd1f95979c3060c867,104.0,276.0,131.0,160.0,81.0,308.0,1
a4ca132929d4802c9886e575d965058f,147.0,185.0,145.0,180.0,273.0,106.0,1
a586f65c52d586fe5874bb4baa6c37ce,157.0,198.0,161.0,193.0,163.0,200.0,1
a59f715d16a89c1402430a9e69400350,69.0,129.0,101.0,179.0,270.0,218.0,1
faaa7be077b7bfbd415bd860d197bc2d,42.0,253.0,42.0,248.0,49.0,250.0,1
fad1c996eac7c2c4b405873b4348db77,103.0,465.0,213.0,357.0,26.0,330.0,1
348da37d2abf000e5706b9d06e5ffc4a,105.0,95.0,131.0,159.0,135.0,91.0,1
35a0ad12897f68989f560072ae5d0bc2,127.0,138.0,125.0,133.0,148.0,154.0,1
35d2a69ee94c74b6d36b76ecaea6bb39,269.0,118.0,269.0,107.0,275.0,112.0,1
36eb653347e3a2f27b6164bfa03ca33d,184.0,143.0,174.0,141.0,179.0,141.0,1
53913504582c77a122000f0b56c4f3a2,207.0,252.0,119.0,169.0,120.0,164.0,1
53d6b60e2b1bd66c55d34f8b449806b6,234.0,241.0,232.0,235.0,240.0,242.0,1
5464b3c3268cd17f1ee5b65c336214f8,86.0,200.0,148.0,121.0,46.0,131.0,1
5498a99f0622119be648db86dff37e61,159.0,162.0,159.0,178.0,94.0,152.0,1
558764896413eff70141ee8e38357365,347.0,285.0,342.0,301.0,335.0,302.0,1
55bf55bda1014901081d6b8169dadaf8,186.0,188.0,180.0,185.0,144.0,173.0,1
569ed6829f1db6de64895c71b3a03f3c,313.0,45.0,320.0,47.0,316.0,40.0,1
576f0e92201559a7efeeb91a80d6d818,244.0,217.0,240.0,221.0,250.0,220.0,1
5786ea29d7ee1e30b0ec56a75ff74a5c,283.0,51.0,185.0,16.0,188.0,20.0,1
6c744b66b42980f6fcd148a0f993ad27,236.0,204.0,233.0,211.0,244.0,202.0,1
bba18083757c6569909476ef6520c395,84.0,279.0,79.0,276.0,89.0,281.0,1
bd754becff19cd258a22fc4cee9a5ba1,141.0,140.0,146.0,134.0,174.0,43.0,1
df9b2d4468ef3baadf880ff3a22acc81,39.0,136.0,36.0,133.0,123.0,348.0,1
df9c8decfc23bcc680525cbcfcd70a73,248.0,215.0,244.0,145.0,244.0,209.0,1
e04cff594a74bab4b15f9dee3a4e43e0,350.0,304.0,291.0,73.0,251.0,76.0,1
afe87d259fa35394a02a16c3db251bed,213.0,136.0,257.0,198.0,209.0,132.0,1
b01401f764bf0317b8825edc6d854c66,169.0,208.0,166.0,203.0,162.0,208.0,1
b0cab26e16f256896fe83b8cea9f97fa,247.0,279.0,243.0,274.0,133.0,128.0,1
a6d3dd3cec5514a239fdaa5d44c91a7f,119.0,409.0,217.0,208.0,221.0,212.0,1
8dc4ef2f759ff068ac95d23e3ce8023a,203.0,555.0,208.0,557.0,52.0,282.0,1
8e075b4e231aa8503a2c0433524786f8,17.0,153.0,140.0,74.0,138.0,112.0,1
90127cccffdff4d110e6039f9501a38e,299.0,288.0,290.0,288.0,316.0,120.0,1
9157d7aa000e28f769f7f72f499c1d05,266.0,91.0,209.0,56.0,261.0,89.0,1
825c7043ef4bf9af5e5d1cc9c5022267,144.0,130.0,146.0,135.0,140.0,134.0,1
855f92b7212339f02bab4f8bd47e12d6,292.0,51.0,299.0,53.0,289.0,46.0,1
85ab32d4e8484d69840e6d1e57c7cf82,150.0,513.0,148.0,505.0,231.0,579.0,1
8656eef467ff9ad94ae98f7009fcbd98,90.0,334.0,233.0,214.0,226.0,215.0,1
86afa1ef2103f5188e75ee266e474f6d,98.0,9.0,95.0,5.0,68.0,132.0,1
3ca2cb67abc0db6c6fa2dc150697cb34,127.0,274.0,350.0,99.0,417.0,192.0,1
497113fa23ca9a8f288b9c67934b9a4f,236.0,86.0,231.0,84.0,178.0,141.0,1
49b7c95f0594be5f9f040d0806ea3ae6,172.0,164.0,49.0,44.0,176.0,167.0,1
7562ff3c008c2a1a52c262fcdb187346,103.0,343.0,176.0,131.0,177.0,125.0,1
7574c48116ccf3e5faf398d8b9fbb574,213.0,160.0,216.0,164.0,220.0,162.0,1
7581b0d61f7f337c021370b9294e29c7,128.0,145.0,123.0,141.0,129.0,139.0,1
766b2df3baac15c343d71296f2428fce,197.0,341.0,80.0,261.0,192.0,339.0,1
77cae5ff6c7d0c66f2a36801591208d6,152.0,96.0,234.0,140.0,64.0,92.0,1
783150e2bd64f91b038bc3831117587c,272.0,294.0,42.0,161.0,349.0,302.0,1
0527c4449619569cd565d724216aea04,195.0,38.0,153.0,170.0,156.0,166.0,1
054fbbc2a874b3ac0f2fd039260b2246,193.0,321.0,190.0,316.0,198.0,323.0,1
05a190a332c33ae29082e4ac18fff3ec,429.0,417.0,420.0,412.0,437.0,417.0,1
07a0ae61da608f7dc372ddf9f197a018,143.0,135.0,178.0,172.0,184.0,172.0,1
0a297116ca498f4fc90026bf4f708b8c,280.0,177.0,78.0,55.0,283.0,183.0,1
0a2cec8083f66be5e365125300b77a84,65.0,28.0,59.0,28.0,94.0,197.0,1
c3169b0861ccdaa123d21827e6a925d7,47.0,161.0,49.0,156.0,271.0,232.0,1
c527602c00370d2bc76687aa3a1b2e2c,84.0,79.0,223.0,148.0,204.0,100.0,1
c53405f92b11b22b109389915b3e8988,184.0,158.0,176.0,180.0,177.0,163.0,1
c53a592b7f8827910efcdcf3e390e262,75.0,9.0,77.0,15.0,182.0,145.0,1
22893199ef165e9c07a449d74d2f3410,250.0,239.0,234.0,182.0,174.0,280.0,1
229ff271a4649ea06f38516340660e3e,143.0,48.0,117.0,122.0,34.0,35.0,1
23641db1a6d81e50f8e0f55a4d3cd4a8,99.0,554.0,80.0,297.0,82.0,292.0,1
2451a04b9b0ad7aa6dfec78c13add9d7,28.0,80.0,216.0,161.0,213.0,156.0,1
2454f540ee216629248c12c4bc94f000,196.0,187.0,201.0,191.0,78.0,154.0,1
246aceb050d724db0a28b02ada9b4d87,171.0,257.0,166.0,260.0,166.0,252.0,1
25ce83aa30d3fb8ca116a20c7ec673d9,266.0,139.0,224.0,54.0,222.0,62.0,1
5a68775910f7648979d65f39acf28f19,94.0,25.0,96.0,30.0,99.0,23.0,1
b87cd3aaaaec78451570d074e1c9cb4a,357.0,170.0,355.0,161.0,363.0,169.0,1
b893f1c41abc51d03cce5fd25adb0379,227.0,110.0,230.0,117.0,112.0,132.0,1
b8aa57a88dcda0c31d4adc31b9b28e27,196.0,85.0,148.0,62.0,98.0,132.0,1
b8d0dbd85b87c061f827042aa89028de,199.0,443.0,234.0,530.0,38.0,310.0,1
b8d7b8054368fcda2ff5d93b7d5bf3b2,152.0,565.0,151.0,163.0,282.0,315.0,1
b912eb9ecd0f33335c87bbd4e84ffcf6,247.0,36.0,240.0,34.0,127.0,171.0,1
b926868f706f593219ddc2e8e24c1410,179.0,200.0,25.0,140.0,317.0,242.0,1
92c16cf8867407d5deaad311cfa7b3e2,148.0,114.0,94.0,172.0,96.0,165.0,1
9350ce4ce440ba9191ac8440ec66540b,120.0,79.0,119.0,74.0,205.0,274.0,1
93bc7d70207e803f267a0526f444cc7c,74.0,11.0,187.0,73.0,353.0,38.0,1
9549f600a675b6e98144403e70ebdd8f,83.0,150.0,78.0,147.0,231.0,382.0,1
188aa72b3d83d60195b161b7b943c540,321.0,208.0,322.0,214.0,298.0,161.0,1
fe7ea24787166454800b945d75c8bdb4,74.0,36.0,73.0,30.0,68.0,37.0,1
fe9fa0742df07bb5b5c3efaafb0c9f53,78.0,49.0,196.0,135.0,81.0,41.0,1
fffbc65cff7705cc5bca00328d92c004,136.0,338.0,240.0,94.0,307.0,135.0,1
a95e94ef22b160b9f27629c17bcb393a,115.0,102.0,115.0,96.0,107.0,24.0,1
a974c1b22bb0be39409a7a8577612848,296.0,180.0,132.0,327.0,162.0,394.0,1
a994070b685d64e5cb60755f6029235d,203.0,86.0,209.0,181.0,192.0,176.0,1
f547c5e3b2ce47e9539fcb2f44c6f515,137.0,43.0,243.0,349.0,190.0,122.0,1
f5a0bcedeed591641efdacda69a435b7,147.0,462.0,413.0,39.0,299.0,304.0,1
f5c2eb447ed99259e1d9230ebec77395,263.0,122.0,258.0,124.0,266.0,129.0,1
f8643b0e89c665939bff10f1b2592113,87.0,176.0,85.0,169.0,87.0,165.0,1
64e52d9825a43f6aff4293cca5ef2a09,171.0,145.0,36.0,234.0,37.0,225.0,1
693ed0e2a140dbf0232a84d80a5ee576,242.0,136.0,248.0,138.0,236.0,132.0,1
697143b8f2c17c1b70b86f0c9d9f9a48,172.0,507.0,8.0,160.0,48.0,107.0,1
a038dc6ba318797835e83b67562d33b5,142.0,179.0,171.0,131.0,170.0,124.0,1
a07cf212af3a92c9fa20c9f190e98164,162.0,173.0,166.0,176.0,159.0,166.0,1
a213e7a7158ff95fd62c228bcb959e56,53.0,419.0,42.0,106.0,61.0,451.0,1
e0adee5d210155f292f8ce812e18369a,224.0,381.0,224.0,387.0,230.0,378.0,1
e0d156a44e87124cf10acd4e55c6b8e7,291.0,209.0,287.0,204.0,293.0,205.0,1
e235cbcd1fca308ff55fce2d2bd6795a,341.0,84.0,186.0,150.0,147.0,170.0,1
d0e10114996c8f02e90a0292c4d10aa1,116.0,136.0,115.0,130.0,121.0,132.0,1
d273fb77993a5220402294ad39e780d7,186.0,341.0,132.0,326.0,181.0,346.0,1
3032599baf4aea7dea69d31ee5f7b807,213.0,386.0,206.0,346.0,199.0,341.0,1
30a8971fe3b32d63db591f200019b098,65.0,74.0,60.0,74.0,63.0,79.0,1
318a18087d4e4abb6642b60f4c06cf1d,115.0,104.0,124.0,80.0,128.0,77.0,1
318bc2c952d8b9b77b98d9398022d64a,232.0,272.0,227.0,272.0,419.0,239.0,1
31b54c84308f4028474cc3d5bdb558cf,208.0,118.0,201.0,118.0,204.0,111.0,1
334a9fc140e435282e4968957734de5d,81.0,171.0,84.0,12.0,202.0,199.0,1
9638ff44e1dacd6a9d564162473aebf2,305.0,16.0,308.0,20.0,310.0,14.0,1
96631791cde4d1ce6a11d037b66f57b5,138.0,141.0,133.0,143.0,156.0,178.0,1
986fa0293bc25f846236b881c77be898,142.0,222.0,150.0,219.0,130.0,203.0,1
cb2f4ff5838446ca6d5aada623d7533a,95.0,72.0,53.0,153.0,91.0,69.0,1
8c3f0a6e929c3d22358b8ec5a492fd36,359.0,247.0,352.0,246.0,347.0,242.0,1
80c16213055120e608bed023f82be988,179.0,218.0,298.0,165.0,180.0,215.0,1
8137d3b1910e8484c3471a828553f1df,160.0,60.0,233.0,162.0,158.0,52.0,1
25d45bbb19a0fdacffcb1b03f02a283c,205.0,112.0,202.0,106.0,71.0,96.0,1
ee92aa85890dfcda0818ea765f6197d9,206.0,59.0,203.0,54.0,199.0,60.0,1
ea19c99af046122a76374b84e5e97bb6,197.0,207.0,195.0,202.0,192.0,208.0,1
48577b68128f6ee5b4bfdfab7190d4c0,248.0,187.0,247.0,180.0,197.0,165.0,1
63cec17ed8cae76fa2152235f0342c68,77.0,73.0,84.0,74.0,313.0,359.0,1
3793d4a04ccb4c3272853bc526c2c8a6,213.0,30.0,217.0,33.0,208.0,33.0,1
37aa5ede8e44db137bbde50edb6d6943,87.0,282.0,111.0,71.0,292.0,262.0,1
38e89e740b35e0b6cd30bcbb87f085d9,124.0,143.0,250.0,111.0,191.0,79.0,1
5d55e02f21fe8a1f0f8fc48baac4a9fe,117.0,100.0,168.0,125.0,141.0,65.0,1
603d67231e72b0d02b942a0ec8aaacd5,181.0,57.0,181.0,50.0,108.0,68.0,1
4f95b3e7501d4f095fa2dff571fc45a4,101.0,284.0,265.0,97.0,262.0,92.0,1
2678223a5070dbb6998cc10f030e9884,135.0,63.0,136.0,68.0,131.0,67.0,1
27e2eceb526df41d0b621f3c7b61a4f1,12.0,274.0,21.0,274.0,492.0,637.0,1
0a3fbd02779e0f173e84665b8734fa46,329.0,110.0,196.0,218.0,16.0,355.0,0
0a7689002404e5642019e58f1a8af37f,98.0,195.0,105.0,192.0,194.0,230.0,0
0a82cc73bfacf284a758e91940a9dea3,172.0,33.0,347.0,140.0,103.0,154.0,0
0a8bc6e03e40b028f21c0bcc60e52b79,91.0,371.0,282.0,384.0,217.0,262.0,0
0bdbb0b5656cc4bce540c773e698e2f7,290.0,67.0,30.0,142.0,216.0,165.0,0
0c8fc9a0f87f47784d895b6ff5165879,93.0,97.0,5.0,159.0,97.0,101.0,0
007c3cd91daf382c443fe9d4bda71e43,384.0,239.0,378.0,237.0,389.0,241.0,0
06102fc701a17ec051a8b723f81bdd3f,105.0,209.0,155.0,279.0,207.0,199.0,0
0d2fa46c59020acd8b543940b521f41f,15.0,118.0,3.0,128.0,135.0,25.0,0
0d4e03d6d785d4c6906a976ba3e4fbb5,218.0,39.0,21.0,274.0,111.0,209.0,0
0d6b0eb936b499f984a5712aa926fdf5,203.0,154.0,154.0,161.0,168.0,247.0,0
0dbd41766e2104a75efebe994d7c4805,107.0,160.0,217.0,161.0,102.0,156.0,0
0dd8c52dd2604bbb537c70c6dd83adb3,71.0,104.0,152.0,111.0,72.0,109.0,0
0e39d5e789099a1f8ed73f7aa357f0de,600.0,443.0,298.0,257.0,462.0,390.0,0
0e62847118f36dcb58cca5daa3765d69,285.0,192.0,266.0,214.0,125.0,248.0,0
0e6776eac46aa75877e6d137a5e3bdca,29.0,19.0,100.0,138.0,27.0,14.0,0
0fb72cf852c24273835b314b64752abc,14.0,126.0,129.0,102.0,13.0,120.0,0
0ff71b3fcfe140d17dd7a671c01bf61d,33.0,97.0,204.0,79.0,191.0,31.0,0
1a2d100251e213074e54913c19081ac6,109.0,60.0,219.0,73.0,25.0,117.0,0
1adbdc4df44731582c139435bfb51215,143.0,120.0,115.0,150.0,327.0,308.0,0
1bc87949a9872001498be394f15b9168,312.0,198.0,143.0,129.0,63.0,260.0,0
1bf2c00201d106e0836e993e242399c3,120.0,285.0,150.0,273.0,216.0,228.0,0
1c939eff4f30160f842542cf39d5609f,122.0,148.0,120.0,142.0,184.0,174.0,0
1d91882df5a256eb640643c1ac819e7c,210.0,140.0,120.0,131.0,266.0,11.0,0
1e3b6e6a562aa2ca643e526b5dcc4233,133.0,167.0,107.0,314.0,141.0,166.0,0
1eb9c2c7976874d52ed9840f812498c0,284.0,79.0,217.0,108.0,288.0,82.0,0
1f06e68037bba7b5d2eb1c8ef8231c3f,250.0,197.0,19.0,88.0,25.0,87.0,0
1f23ef7439869eb0ae534277e8d46c53,147.0,170.0,141.0,168.0,31.0,232.0,0
1f3af79d7802af23e5673d7da81968e4,303.0,153.0,111.0,174.0,134.0,552.0,0
1fc08eb3b8a1d89e82a6cd607a36d68b,27.0,85.0,172.0,92.0,133.0,240.0,0
1fc62c8b737a77f743d89bbf4214b1a0,162.0,119.0,5.0,47.0,82.0,295.0,0
1fe0a314a4119b5268517141ceb416f3,145.0,84.0,217.0,129.0,243.0,64.0,0
2a088d217f118fa40981321b47eb4d2d,65.0,169.0,39.0,34.0,154.0,185.0,0
2a4ec96473bd2b6cd6773401659d4ce6,171.0,181.0,135.0,162.0,176.0,176.0,0
2a6503a0bd39918bcda55cf44ea68d02,97.0,191.0,95.0,185.0,143.0,157.0,0
13d87ca9c083ef6f86e7004fc7f02bfa,103.0,205.0,124.0,300.0,144.0,204.0,0
2aef7df319e136253d3348ce1db1bc4f,70.0,62.0,250.0,269.0,75.0,58.0,0
2bac3174005f920ceb710d68021596d0,210.0,140.0,160.0,24.0,206.0,144.0,0
2bc3dea5e2a90af23e2d5cf6c75efbef,61.0,100.0,54.0,152.0,163.0,77.0,0
2c07a6547cb7363e5577bfbe74de3346,112.0,87.0,46.0,130.0,137.0,32.0,0
2c48a6568cbd493abcf5d67544757b31,281.0,102.0,383.0,235.0,235.0,122.0,0
0208a801ba5fa58a9ff97f0efe927c6e,148.0,118.0,280.0,214.0,153.0,116.0,0
2cea5f10095a7daa81eeb626852b7e20,182.0,130.0,172.0,159.0,239.0,133.0,0
2da010b6685a71a0118389b8f4b1ecde,98.0,227.0,127.0,125.0,115.0,157.0,0
2e093a940e2201a4f0c353db5f7c9938,141.0,141.0,251.0,213.0,135.0,140.0,0
2e56fba90bdee58ba3fdff0113a67443,54.0,205.0,55.0,200.0,154.0,150.0,0
3add0f35c90afd417e85084e5eb0fb10,146.0,136.0,180.0,11.0,174.0,119.0,0
2d52d2e3fe03b5cba374ab886f2f6628,199.0,391.0,348.0,492.0,195.0,294.0,0
2e3d69ee81fbdea63cbb954bf7379563,41.0,269.0,148.0,143.0,62.0,256.0,0
3b8effe171d2eaf48fdc769eadce56f6,194.0,153.0,118.0,78.0,191.0,158.0,0
3be753d4a77dfd7a656a0de3a02ab7fd,188.0,143.0,259.0,180.0,184.0,149.0,0
3cb6fe593d48be13b19650835ad4760f,262.0,227.0,269.0,230.0,255.0,224.0,0
3cbd5923fdd57b8bbad2a78182bdc0fb,294.0,42.0,305.0,321.0,243.0,169.0,0
0415496afd005abeed0b6dc842b3e41a,625.0,265.0,665.0,335.0,260.0,220.0,0
041c1d85b22dd9020907e49012cafc6b,179.0,123.0,191.0,87.0,240.0,108.0,0
3dd12b0e9605ade1829fdee25a881fcc,216.0,113.0,258.0,185.0,214.0,119.0,0
3eb6dd166ef64b256df9727815b9b49f,153.0,160.0,349.0,103.0,74.0,82.0,0
3fdfbbd9e4791e247a872d4e841b533a,128.0,159.0,435.0,215.0,183.0,62.0,0
400af71a935022ba0b7d8cf49e412984,195.0,155.0,6.0,157.0,194.0,149.0,0
4b5c3939c79dcec4e477a14c4e343a66,219.0,24.0,319.0,82.0,174.0,110.0,0
4c1e6e29189762c22f55747884610419,207.0,12.0,204.0,7.0,205.0,18.0,0
4c3866c072d1638c6157f713794ad7ea,260.0,420.0,97.0,143.0,104.0,141.0,0
4c4ee57eb48f54615456bb11a57636fc,72.0,127.0,70.0,133.0,73.0,118.0,0
4204dc78f2a1f704eae3ea8c55b3f170,246.0,204.0,249.0,208.0,253.0,203.0,0
4d087d16dc445c88627f14ca3cc165cb,18.0,168.0,24.0,171.0,14.0,164.0,0
4dc529f4f88deaeb1eb96a94574b2dad,86.0,210.0,92.0,97.0,248.0,22.0,0
4dc8a8cf4c7444525f864dedcb214c77,149.0,156.0,158.0,344.0,143.0,154.0,0
4e2c66e710660a6fd413191cce2cf239,51.0,15.0,335.0,193.0,199.0,122.0,0
4eb69674b9c8892dda5bcf1bba1d7107,67.0,139.0,206.0,186.0,71.0,143.0,0
4ee24951e578458fa209931beed0130c,258.0,167.0,192.0,116.0,186.0,118.0,0
4f27e5057cc6ca025ef5668b5feeded5,187.0,319.0,233.0,331.0,225.0,237.0,0
4f3f20a00f62e5c9053b4202891ef69c,173.0,155.0,42.0,65.0,250.0,31.0,0
4f406352c2d18801a47c8b8329e98bdf,172.0,226.0,174.0,231.0,54.0,272.0,0
0503ec19418cface08d005837902e7ae,23.0,85.0,177.0,174.0,177.0,167.0,0
4f8468ff81ec0779a617f05619eecf58,228.0,381.0,310.0,225.0,279.0,368.0,0
5029d4009a1733f76328bc349fdde29e,92.0,213.0,156.0,69.0,82.0,52.0,0
5b6ffc10d4943766a95159ad9985e93e,23.0,95.0,17.0,95.0,256.0,382.0,0
5b71723a5065769c2babe13b30164da0,87.0,194.0,204.0,279.0,82.0,192.0,0
5b76d5435b373dddeb319ee8c67f2a86,240.0,133.0,240.0,127.0,134.0,79.0,0
5c88fc307ca1446722cf295551d218a0,326.0,109.0,230.0,323.0,136.0,365.0,0
4e095d288876139ce0c5a7b8541d9be2,145.0,122.0,218.0,192.0,285.0,254.0,0
5cad004d25d11d0b2c34195bfcd96c6e,216.0,544.0,43.0,441.0,212.0,172.0,0
5ce35afe6d4a55b5af644951627627d2,435.0,402.0,439.0,389.0,532.0,478.0,0
5ded79493da1f81e7ea611b6bd0b3a98,199.0,14.0,197.0,19.0,71.0,185.0,0
5e4bda1d02feeed6c8c994d50acb4636,65.0,261.0,142.0,240.0,208.0,188.0,0
5f13b5b702d350076e34d2abec487dae,96.0,103.0,262.0,30.0,103.0,216.0,0
5f1d15afd78184abda85ddb039c61e4a,267.0,72.0,105.0,100.0,77.0,81.0,0
5f484cc2840b13f2fb83c7cd68e08c02,212.0,176.0,279.0,114.0,216.0,170.0,0
5fc24d6c9d6ba7231dbfd52f6386ada4,354.0,36.0,364.0,339.0,72.0,339.0,0
5fe7c4d110d23a13e24c1d1f933c47a7,210.0,119.0,164.0,296.0,217.0,119.0,0
6a57c0d50a71f2c58ddf13762e381004,128.0,131.0,65.0,162.0,101.0,124.0,0
6aacf674a873cefa3eeb69b14cbb10e9,147.0,94.0,141.0,97.0,173.0,84.0,0
6afd0b3b67298cf9067da7039e7e44a5,233.0,97.0,189.0,145.0,185.0,151.0,0
06ff5da1681775d1684f732d5af35d0e,171.0,162.0,176.0,164.0,168.0,157.0,0
6bd60b2eb60ec1d38a445e117fc96dbf,328.0,190.0,94.0,75.0,258.0,467.0,0
6bec263f43d149f7db8db136b943b8b9,4.0,55.0,93.0,202.0,180.0,178.0,0
6c07fad7c42575e25bc530bda75980b5,47.0,132.0,100.0,161.0,216.0,22.0,0
603567658289f26ce1df7f37594abe9c,159.0,218.0,226.0,179.0,181.0,60.0,0
62f52446f05035469f148678e04caf1d,232.0,253.0,187.0,130.0,155.0,134.0,0
08dd2c304e692ccdbed66f9c6c7bb2d0,185.0,383.0,191.0,273.0,444.0,527.0,0
63fb1aabac9377db6e518d3a358945fd,156.0,38.0,512.0,158.0,151.0,34.0,0
6c81f594ce7954c4f53c210ddca23c85,151.0,172.0,142.0,200.0,148.0,166.0,0
6d4ebfdb52db429afb2fd8292bde3281,282.0,158.0,240.0,435.0,271.0,331.0,0
6dac9cfb75b1b3330a18c353597c1299,68.0,362.0,127.0,66.0,240.0,222.0,0
6dae28490d88aa1e3691cabef88fc0eb,217.0,122.0,261.0,185.0,223.0,122.0,0
6dc6863e04e1ef5941c5b3cff90f6b33,158.0,11.0,228.0,57.0,225.0,61.0,0
6e8673f1e2e91b90c20c0d74c74e9974,82.0,54.0,73.0,54.0,131.0,200.0,0
6ea1962e32398ae6dfe39daa3ee52b7e,86.0,97.0,81.0,100.0,117.0,142.0,0
6ee724fda72a684ce5f80b51600c44de,151.0,166.0,155.0,170.0,404.0,29.0,0
6f9ebca27ca218cd936f4760ee9d9863,298.0,194.0,263.0,114.0,321.0,281.0,0
6fb27ce9be342057a097c784875ae0ab,166.0,144.0,200.0,66.0,43.0,368.0,0
6ff3bd626baf70d430ef6cac7589039e,40.0,45.0,100.0,255.0,45.0,46.0,0
7a5a23c10b625f3860fc0e2f6ef32567,319.0,149.0,529.0,68.0,521.0,68.0,0
7a80d7cd89b7e5378e29ea8d624c392f,233.0,167.0,196.0,177.0,227.0,167.0,0
7ac17334a0c75b590f95603e6e623419,300.0,133.0,90.0,80.0,78.0,258.0,0
7b01934fccae430d830e27af79bb503d,128.0,156.0,173.0,149.0,168.0,146.0,0
7c0bcd82ef1980471966704279167652,176.0,194.0,45.0,47.0,174.0,189.0,0
7c7acb86c1b66bcab959eee8334f40dd,46.0,264.0,365.0,288.0,184.0,205.0,0
6f01753dfba67a0d92687485f8419eb1,115.0,56.0,106.0,151.0,73.0,174.0,0
701fd44a2e4ea05dda4f44cd348fb221,178.0,156.0,263.0,235.0,196.0,73.0,0
7f2af87dce1c818a51599869939fdb0f,17.0,20.0,283.0,110.0,19.0,15.0,0
7f553a39cfeabea8bebc8b9f547059f3,39.0,184.0,174.0,323.0,270.0,518.0,0
802ffa3d8b8be5044e2501b1116b4c8d,100.0,126.0,52.0,199.0,212.0,276.0,0
8aa2cf570e13f357e6a0bca10b8d9f06,151.0,138.0,24.0,37.0,147.0,140.0,0
8ab82264340d89b4c426369808bd77b9,184.0,132.0,188.0,136.0,178.0,131.0,0
8af5e8c92966b0c6a9c928637ead5187,156.0,134.0,184.0,146.0,152.0,131.0,0
8ca9544a5391b16344cc1617d1664584,228.0,162.0,56.0,40.0,74.0,66.0,0
8cc4bdbfd6c9d4cef5dfb294f026bc59,233.0,492.0,235.0,225.0,231.0,230.0,0
816cf97dea4956df3cc50f8619232fc1,146.0,116.0,271.0,96.0,346.0,469.0,0
83b11d32d70059a909ba19724dfb3781,292.0,95.0,340.0,320.0,334.0,396.0,0
8e6fa0136db55d2b76ef1e1620a46808,258.0,107.0,255.0,110.0,60.0,293.0,0
8e75b5187a6228d5811b0df7fcf5f99c,227.0,154.0,192.0,193.0,194.0,188.0,0
8e8bfef31919bd92a163c2863ec44f48,210.0,83.0,235.0,49.0,206.0,79.0,0
8e9a8d190f97b6c643ae599086ea74a3,144.0,15.0,142.0,10.0,188.0,216.0,0
08f6d3f1c7b5b5ecedb19cb55f38d490,287.0,156.0,257.0,138.0,282.0,129.0,0
8f3022af1832ffe37220a5ff39a3d6cf,312.0,183.0,265.0,261.0,186.0,161.0,0
9a35a621397fda78d186ee427559eeee,149.0,144.0,98.0,238.0,6.0,92.0,0
9b2d6a17a7d41efd9219aceb88f1174f,209.0,165.0,214.0,167.0,210.0,159.0,0
9b38c69c0ae2066458bf0bff1500edd4,118.0,107.0,113.0,109.0,122.0,111.0,0
9be391b629f599dd6af4990797112903,173.0,114.0,218.0,163.0,272.0,343.0,0
9d75a3ac71c6489498495bf7293f2e1e,174.0,142.0,173.0,137.0,180.0,136.0,0
8fed3a87e77ddbaf8757e0bde0e87c3e,284.0,389.0,160.0,173.0,10.0,296.0,0
09ed7b55c3e369f9385ef18e58c63034,279.0,75.0,188.0,129.0,232.0,121.0,0
0a07da8dacf5a75e171d0aaf05a647b8,325.0,277.0,331.0,279.0,150.0,255.0,0
9f428f2e42744cd7415ed93a140103af,251.0,40.0,223.0,335.0,180.0,214.0,0
10e1bb31a723ca898656a67ef9a12577,146.0,42.0,184.0,175.0,153.0,151.0,0
11ee04a824220005fbe20be9691fc47e,28.0,41.0,27.0,4.0,27.0,35.0,0
14d5cf3c7f903c6598b74e9d3f21fe52,235.0,392.0,242.0,394.0,282.0,308.0,0
18fbccbd196449cd8fef959be43ceb88,224.0,358.0,97.0,415.0,206.0,89.0,0
1936579ef661bbcd2854d19ab74e8b1f,361.0,515.0,409.0,340.0,359.0,523.0,0
211f832eeb12d057d34c31c471a20b3a,108.0,107.0,379.0,75.0,42.0,257.0,0
23c9c5ee411182b9436abbe113c16a3a,278.0,216.0,278.0,210.0,218.0,240.0,0
2419193f708c33b6daca1e34490b9148,198.0,122.0,171.0,51.0,157.0,42.0,0
25e1408bb61634ae0fd7e383f52bf87c,211.0,244.0,197.0,198.0,250.0,150.0,0
2632a42b23d72522b376ad543447366e,147.0,184.0,65.0,140.0,150.0,187.0,0
31299a16f5db337229c9cb69f455137c,87.0,11.0,147.0,137.0,142.0,220.0,0
32e6aa5bb14450b832824a4be2c79c24,119.0,126.0,119.0,164.0,121.0,170.0,0
39311075fa4e821b2c4a5f29c01e16d4,353.0,525.0,92.0,230.0,100.0,340.0,0
3945c2619a6a3cb998c282d13665f1cc,167.0,148.0,309.0,294.0,104.0,291.0,0
4444c34c8f3556252c8c46c72c652c87,199.0,167.0,130.0,155.0,223.0,183.0,0
4473d3883c195f5381dca64870fb918b,163.0,200.0,171.0,200.0,158.0,197.0,0
468a1524d45e32872a4d85bac406706d,259.0,276.0,324.0,267.0,264.0,279.0,0
48087659b0e095ca61252d486017f3e1,110.0,296.0,116.0,301.0,191.0,299.0,0
48163654c30f715c1688fd40c7040e2f,207.0,146.0,200.0,147.0,193.0,147.0,0
49da6b87783d5081c2ace59ed1ae9609,493.0,189.0,278.0,310.0,359.0,364.0,0
51ac7ec93e17c8a3aefe8ca012eb9b48,137.0,136.0,5.0,61.0,115.0,130.0,0
51d5f04cb94058089f603ed710097b56,239.0,62.0,237.0,55.0,282.0,119.0,0
52357eceb826771de1c0d6f11a0498d7,251.0,69.0,290.0,145.0,244.0,70.0,0
5306bd16b9008e881b79418c509413e4,258.0,171.0,346.0,150.0,261.0,225.0,0
540b76f4e2fb2c88abdf81e74525af04,38.0,492.0,141.0,552.0,7.0,263.0,0
56eb67d2c63a5e6d29580dba9d59c4fc,243.0,85.0,152.0,122.0,237.0,83.0,0
58bee1fb0540c95dda79af4c01adf5ef,197.0,177.0,202.0,177.0,316.0,220.0,0
58c6c604d0756f8e0d44dcab55ebbcf4,195.0,121.0,167.0,172.0,145.0,57.0,0
5907000e7070ba0b2564764a7d32faa2,129.0,381.0,252.0,420.0,353.0,350.0,0
61eaea87fc24bc951e31e637e8b7cb2f,60.0,45.0,227.0,361.0,299.0,353.0,0
6200aecd3b981968dfc21c91e1c7c96f,91.0,117.0,229.0,41.0,277.0,94.0,0
63220c13720a5b9802c644d697bd9477,150.0,146.0,113.0,251.0,98.0,90.0,0
633eca226e107110e36a1febe2622746,32.0,382.0,138.0,402.0,30.0,376.0,0
6569f349f4a2e71cdc66e783ecf12105,120.0,392.0,220.0,451.0,177.0,242.0,0
65ebd0737ab4ba24653af7eb0ae050d7,130.0,94.0,186.0,165.0,298.0,282.0,0
66250ae9f7a74c628ebdc09bcfc25d96,229.0,190.0,228.0,196.0,384.0,232.0,0
6903f9a0f58ca83ad034047aba5e1b83,126.0,172.0,160.0,180.0,131.0,170.0,0
710f6d4ff3c6caff05d3a92f856b5537,181.0,299.0,231.0,235.0,230.0,243.0,0
72bbef77d662242651996380940d37dd,143.0,38.0,91.0,75.0,110.0,145.0,0
73de3fb0ea9ec65ed3298b45a32473f8,258.0,177.0,264.0,175.0,178.0,262.0,0
75c1467649899cf87af8d39fa426a320,166.0,164.0,219.0,89.0,203.0,153.0,0
75d590174471870cb33bc3061e223d05,129.0,213.0,116.0,161.0,93.0,81.0,0
820d7c25efc5fcb6f6f3f20e1f4a1db7,114.0,81.0,23.0,159.0,118.0,85.0,0
824cfca4fa6a1ebe52ab6468acdd1d71,198.0,52.0,159.0,106.0,157.0,101.0,0
83b75961b10406192170276aadfbed73,88.0,271.0,300.0,309.0,104.0,98.0,0
83db35490a23ce701a6d1a2a922e6091,197.0,179.0,197.0,186.0,195.0,197.0,0
8a12d0aa571c6bdb4a3a7c94c2b62936,123.0,201.0,104.0,170.0,124.0,194.0,0
91e30e3c547c025eb073e2dc107f2b02,304.0,273.0,321.0,306.0,97.0,206.0,0
928d5a26fefffd185c6caf41382ab697,132.0,80.0,158.0,144.0,138.0,81.0,0
950e35a2244603c495d408e849d3e1cf,95.0,204.0,190.0,159.0,157.0,195.0,0
96035a131113e89c754800119cdca879,83.0,38.0,41.0,29.0,88.0,39.0,0
962775fdeaabe79a2463b89dc45e60b3,185.0,138.0,174.0,172.0,171.0,167.0,0
33fa001f67e0f6dad4dbdcdcf1dae970,191.0,149.0,187.0,144.0,23.0,336.0,0
34259322879385a7cee2fc3b2cd84622,82.0,151.0,347.0,25.0,78.0,146.0,0
03c6cea351e512bfd00640f01da94b7f,100.0,112.0,265.0,220.0,262.0,215.0,0
05c42929186fa3ecf011074444ea60b4,862.0,358.0,446.0,467.0,452.0,477.0,0
05e74f9c117b73b67ec130fcd852af53,220.0,164.0,125.0,312.0,132.0,312.0,0
060d1c17ca16ddf33150ae0339f051ac,54.0,185.0,149.0,199.0,58.0,187.0,0
675b2a017274e09656893cae821b323e,36.0,172.0,313.0,116.0,237.0,50.0,0
6766bee9802f263e2a9d3974ca4bd31d,351.0,74.0,332.0,318.0,383.0,42.0,0
67d2849c67f062c4ea509fbe3e9a5bbf,152.0,139.0,155.0,143.0,158.0,171.0,0
67d90f8fd7c9f0afe72f4bb966cfabb8,144.0,176.0,284.0,19.0,201.0,131.0,0
71f0471c892c70e809fc40a34d3a4f81,206.0,208.0,131.0,175.0,203.0,213.0,0
720e256992dc9b16f0a55d7c1d1663aa,149.0,241.0,165.0,407.0,149.0,90.0,0
830c2f861e3d5f67a3711e2ea079a332,132.0,257.0,181.0,49.0,242.0,99.0,0
128a03366af7351689069354e647895d,147.0,79.0,146.0,74.0,147.0,86.0,0
21360b4c9e333b571081441d12333934,247.0,303.0,248.0,203.0,249.0,261.0,0
213a1d9c22e9e0800cd9dfa2e2250f4e,124.0,139.0,137.0,121.0,67.0,57.0,0
215e9ce23c5b5bbe80b3af0f6c22cd8a,228.0,126.0,227.0,149.0,228.0,135.0,0
22d8ac268b02796142fcc1f0d710b8d8,145.0,128.0,273.0,271.0,184.0,136.0,0
25188726462d542c6e4d17538afbc907,149.0,177.0,244.0,214.0,154.0,179.0,0
3244c5565e8519862bc19f0ad6c3ad9b,232.0,13.0,170.0,88.0,166.0,279.0,0
38263358789d92752945ccf4348c3add,33.0,469.0,149.0,446.0,33.0,475.0,0
38477b8792c82c0642a717203e124558,151.0,150.0,282.0,155.0,152.0,156.0,0
39f0b68e1102bebda46d421d0bda3dad,164.0,212.0,172.0,154.0,128.0,231.0,0
40e8b9a723e0883e0810a305ac433949,235.0,130.0,357.0,284.0,274.0,104.0,0
41138d7ce066c8640c5978738f55c376,208.0,536.0,74.0,215.0,159.0,497.0,0
046ab37c71da1bbf6629be3f5cc7a056,246.0,284.0,198.0,211.0,167.0,188.0,0
04829d6ebe10f840c4629732f8728f2c,275.0,92.0,279.0,89.0,267.0,92.0,0
5093fd50312c458c6ae67f40ab29f107,200.0,235.0,163.0,294.0,82.0,297.0,0
644037af75ca27cfe3d97ab7f6396a60,200.0,167.0,188.0,166.0,181.0,165.0,0
749a481312a0b2fdd7d75dbf0966e6c0,139.0,84.0,247.0,33.0,133.0,82.0,0
7504857caeba0137a791decc6966f534,273.0,432.0,159.0,292.0,149.0,468.0,0
773b0ba9ca28ebade8083f10ec810890,108.0,76.0,139.0,123.0,155.0,177.0,0
774638a848b4acb406db580725c9b937,503.0,121.0,497.0,119.0,511.0,119.0,0
8615d69eab92069f5a4a1de180e8612f,41.0,383.0,148.0,320.0,172.0,35.0,0
9406fbacc0012261b395553b9d09e616,413.0,121.0,473.0,280.0,369.0,49.0,0
945dd74fb44d0f72a9ce42ef6dde9583,314.0,146.0,103.0,262.0,195.0,33.0,0
11a1cae541d769b9f3f3da68afc4feee,256.0,158.0,205.0,159.0,231.0,158.0,0
11c177b01e24f0fc0c42752cffb4538d,268.0,221.0,133.0,9.0,270.0,216.0,0
11e6675ce1d232980d09880057d66a8b,284.0,81.0,142.0,157.0,140.0,134.0,0
184c213ac8baba4fd7b765af1f8977c7,308.0,76.0,260.0,250.0,258.0,255.0,0
185878965300f6497b053a4cef235fec,86.0,97.0,149.0,102.0,153.0,105.0,0
2064ead18de3277f0d8628aca2671559,332.0,171.0,330.0,166.0,255.0,313.0,0
5292a42582e70bda4b6e722e1468e873,233.0,131.0,114.0,82.0,115.0,105.0,0
629b54a9fd95351c22469348b36354ae,125.0,72.0,108.0,127.0,106.0,135.0,0
62d0ea2d2d801b58641b8c285e0b7ddd,228.0,239.0,226.0,179.0,234.0,241.0,0
682a71f837e9006c471f9351ecd7823f,381.0,230.0,255.0,90.0,21.0,313.0,0
916a632b914dd0fbf9984f97d5f4eec3,40.0,78.0,213.0,110.0,222.0,72.0,0
91a9e7a762f3b9908c32d7dc4debd5ce,227.0,159.0,80.0,516.0,141.0,368.0,0
91acb55dabe2bcbaa72b938e46a21d76,157.0,139.0,233.0,68.0,27.0,51.0,0
91af251207f880c7e95e95cac6346713,119.0,131.0,31.0,189.0,186.0,107.0,0
91cffa7be0172a7fb6a7af41be923194,33.0,346.0,205.0,229.0,210.0,233.0,0
959020ce35190bd6dc16dbcaa1febac3,210.0,128.0,442.0,48.0,241.0,192.0,0
01925f3aad3fe3015bba620c482a6f3a,216.0,136.0,156.0,162.0,215.0,158.0,0
01b64075e3385957586ee687f04fe950,34.0,324.0,317.0,300.0,316.0,212.0,0
424e1adcd92d905faa7269fcaa010e23,49.0,295.0,38.0,53.0,243.0,66.0,0
69a26cc0582607554d5e985ae91e0b1d,88.0,221.0,232.0,180.0,307.0,318.0,0
6a25344bcc93a81dea281634257366ad,196.0,144.0,89.0,253.0,284.0,45.0,0
0a1aeec8555a93bae45ed56ba39efe15,148.0,11.0,155.0,11.0,142.0,10.0,0
0bccf0622e7967ff4b6d51c2cce5f9a2,13.0,421.0,75.0,322.0,11.0,416.0,0
817145ef4ae95c3636943b916d9caa78,153.0,161.0,129.0,116.0,53.0,172.0,0
81b99c4f7134cdcf7c6d0a69088dff5b,98.0,70.0,330.0,164.0,395.0,151.0,0
81c7173784184c0d6645038922981051,92.0,107.0,289.0,151.0,181.0,320.0,0
874f2b26c1835d430901b6df91c0c4db,186.0,171.0,69.0,10.0,202.0,156.0,0
8760d9ee9eca0591cb55437c0f81b114,124.0,169.0,288.0,146.0,119.0,172.0,0
87cc51065d3cc57aecfcdafc46afa7d7,204.0,137.0,36.0,6.0,99.0,85.0,0
19785346c4fc729a8d15fe2c10624ff9,90.0,50.0,177.0,88.0,92.0,101.0,0
19ba2833019626fae9cfe953c63f0323,143.0,40.0,151.0,149.0,153.0,139.0,0
19f51244e9993806b695f5cfcfdbcd58,188.0,57.0,240.0,360.0,197.0,172.0,0
44b3c99674101b34550a03d997aaa62f,13.0,303.0,7.0,302.0,223.0,205.0,0
45077733859be57e971c44ef649763c3,157.0,289.0,130.0,302.0,162.0,288.0,0
599ee0d68d0c6ca20dc6db5649b7ea4d,27.0,437.0,222.0,383.0,190.0,195.0,0
573b23de4f58fb128bb5bc9a180cedc4,161.0,103.0,162.0,97.0,164.0,108.0,0
59e2ed5d4148142558ce91e63620adbe,216.0,152.0,166.0,37.0,161.0,151.0,0
5b371924ebfb277494477096feefb431,303.0,285.0,285.0,401.0,179.0,149.0,0
7341c11f44c6161f6d1cd8f99cb512b1,254.0,440.0,211.0,558.0,309.0,564.0,0
737b8b07611959ba2e16490e4d080340,291.0,223.0,278.0,324.0,185.0,277.0,0
7397544b43ff5d8840f36829c2a0be94,85.0,82.0,80.0,85.0,80.0,79.0,0
73976d2b06d1883f64c5bb83fcd0d2be,99.0,469.0,343.0,69.0,101.0,474.0,0
75ac7d5b7c7081cebec674a0948d0858,324.0,203.0,181.0,132.0,321.0,198.0,0
766ed72df23a7b13afaf21b7446fb7fe,136.0,174.0,104.0,131.0,39.0,24.0,0
77488d9aa3e2584a590ff3a9f213fe9c,159.0,157.0,162.0,162.0,167.0,158.0,0
796a5922242be3709427ac579aa451d5,90.0,305.0,151.0,87.0,130.0,277.0,0
7b8b5b7e0810493c322bcab91ce3a471,266.0,135.0,312.0,465.0,313.0,149.0,0
78b45d21e8d01d03896bb586a1cf4261,183.0,195.0,199.0,173.0,197.0,53.0,0
78c8e89695928d37e09ac022938aa691,241.0,167.0,58.0,21.0,5.0,224.0,0
096ed528abfd0c3ed23f134b327d1410,264.0,358.0,342.0,300.0,260.0,353.0,0
09a918b93f0cabed0203b989e1fe814f,134.0,156.0,131.0,151.0,130.0,160.0,0
58990093aaa749fc964ea3c5298ef3ac,212.0,185.0,100.0,176.0,134.0,246.0,0
839c82e59789f97abe8e3fa81e4e2d67,100.0,152.0,108.0,148.0,85.0,138.0,0
8bf94ab3dd7b720e6f233a57f8c02e0a,140.0,85.0,143.0,90.0,86.0,239.0,0
a0f9ecbd9e07e270327712d78dfd33c2,116.0,250.0,154.0,95.0,112.0,247.0,0
a2aa83b91a9b8d47c32c5d733157d2ee,136.0,276.0,108.0,264.0,281.0,33.0,0
a2ade3cca660e560592d745f2099b853,279.0,512.0,259.0,181.0,257.0,176.0,0
a423819e45d0a3ed70aea5a8c94a0eac,269.0,242.0,230.0,197.0,274.0,242.0,0
a60acf3ac10edc4a0366f678a291f71b,244.0,106.0,159.0,161.0,242.0,101.0,0
a1c27310bb7c051fc2a383daab0abaeb,60.0,50.0,216.0,95.0,58.0,55.0,0
a00541ff753b30c67ea922ba9a108508,51.0,121.0,148.0,169.0,111.0,195.0,0
a2682cb1c3fcec05c3107f7100abb489,157.0,129.0,150.0,128.0,161.0,125.0,0
aa2201884736d038744bd1fdf0948d4a,194.0,157.0,24.0,92.0,287.0,20.0,0
ab8439551e4822998d6e7fd1b85bd68c,123.0,150.0,127.0,153.0,124.0,144.0,0
aba4c89da131d2e1410cdc95497b336d,136.0,122.0,165.0,153.0,168.0,159.0,0
ac4d55e69ab5ce9c515056259909adf5,690.0,353.0,432.0,420.0,438.0,416.0,0
ac60217c83bbcf804e0f7357bf56d3de,41.0,259.0,99.0,243.0,283.0,244.0,0
ac874f4485b0119acec01bde732d8ad0,188.0,330.0,167.0,388.0,172.0,390.0,0
aca1e23149a67528f908da8d5f201459,101.0,125.0,165.0,204.0,86.0,239.0,0
acb01c1b90187cf3c5391a66ddcd7091,131.0,234.0,213.0,18.0,213.0,24.0,0
addf1c1e90d29e3e9359c2cdc51c3448,198.0,334.0,166.0,146.0,155.0,349.0,0
af57aaf1393bd7f91f86ae2c80f4170a,221.0,134.0,141.0,12.0,83.0,338.0,0
af7c0acd3dc4e39a49c4e9a8fa740ce8,124.0,448.0,223.0,289.0,148.0,447.0,0
b1fce93ef775ed94240798fcaf4880f2,316.0,329.0,322.0,331.0,250.0,477.0,0
b207f4dfba32edee99f7e7667b875a64,101.0,103.0,77.0,167.0,73.0,163.0,0
b21d4a25970a835d98838c570d4df4ff,209.0,128.0,225.0,370.0,171.0,354.0,0
b24236ada3952a5051ddd179787f98cc,161.0,217.0,88.0,48.0,163.0,223.0,0
b3d8bfb345e22013a39ef9128c534f04,124.0,137.0,5.0,161.0,150.0,40.0,0
b5f4e5cc2bd99a393f79f8d1374f3c73,155.0,356.0,330.0,278.0,245.0,328.0,0
b62eb87bd388c53069645e9950543ac7,305.0,86.0,303.0,81.0,175.0,163.0,0
b6ea23bf24dc7a00186ec476dbb0f2e1,150.0,144.0,155.0,140.0,155.0,135.0,0
b12d6219ff1c1bb2eecf84495c83a7d7,247.0,115.0,247.0,123.0,223.0,281.0,0
b18ef4a4566d72fdb6fc7fd3c8a3007b,177.0,142.0,462.0,183.0,146.0,149.0,0
b2e0b2cfe2f9ee563c49f45a30b8cc12,219.0,165.0,215.0,143.0,221.0,173.0,0
afcf911ead8fcd7b81d0e2d43b731027,172.0,114.0,167.0,114.0,115.0,177.0,0
b2bfe5889ce2ad4c6106bdae998e8da5,213.0,326.0,212.0,321.0,208.0,326.0,0
b7272cc72dc260e8dacab88c1fa93e4a,242.0,239.0,157.0,70.0,234.0,169.0,0
b7283ac9c34f52f0b45965272a05efa5,132.0,121.0,127.0,119.0,140.0,123.0,0
b99673405220e37a1b15d5cbd1c1fda0,57.0,47.0,221.0,138.0,82.0,65.0,0
b4069c1fc7b76581df6a7c1ee9e4b5eb,209.0,70.0,208.0,75.0,164.0,156.0,0
b45aad1807355df28e33aec0cbf2276d,162.0,183.0,103.0,266.0,168.0,186.0,0
b47cb925cfc40f7cc7360dfebd7b725b,195.0,144.0,150.0,190.0,191.0,197.0,0
ba102478e79588743e95472fd042f6a7,181.0,239.0,108.0,231.0,118.0,187.0,0
ba3f5ed24e57c517c4e1b40e8ca73f52,172.0,183.0,225.0,241.0,8.0,205.0,0
bb4c59b204f73884d4df6d00d70642e5,181.0,202.0,46.0,147.0,221.0,314.0,0
bbea990ac84c45c0d79c71bd93851eb6,152.0,555.0,5.0,393.0,109.0,174.0,0
bc49dc4e4cbe666a6a807edfb0a33a08,208.0,151.0,196.0,183.0,181.0,252.0,0
be7188fc691f8a3fa4143a1c7fd0c682,191.0,195.0,185.0,195.0,199.0,195.0,0
b8d85b559dfe2a0b09e48f7d6e895e3d,224.0,226.0,84.0,272.0,155.0,225.0,0
bb7d3511349bf37f05d0a246355b5053,303.0,160.0,333.0,125.0,299.0,156.0,0
bf223a6f957aaf201b8e62e915c25514,98.0,59.0,143.0,170.0,19.0,157.0,0
bf3171a6f85da122d0d81d96e5339367,308.0,40.0,142.0,119.0,146.0,123.0,0
bf3f74f2bbd2e12f325dacd9991346d5,314.0,154.0,206.0,170.0,193.0,200.0,0
bfb1c7238f7ff396968ff06fc54f014c,87.0,237.0,256.0,45.0,250.0,44.0,0
c018f32764832b45bebc18a35d711c8b,141.0,160.0,156.0,340.0,217.0,231.0,0
c026ca0984b600c55e482b19920442e0,294.0,384.0,240.0,310.0,205.0,343.0,0
c5dc678dff914933111899648a671433,224.0,417.0,261.0,271.0,221.0,280.0,0
c840d9e2c1fd0b82231b873642a925d5,200.0,102.0,143.0,273.0,138.0,155.0,0
c85fb8ac7f96becf3af36ba32ee99dac,297.0,336.0,229.0,62.0,304.0,335.0,0
c6f1f4f60bb83388bc2a4c218ce9551c,144.0,70.0,95.0,83.0,147.0,76.0,0
c501c98444d739362d789b1a5db9328c,85.0,96.0,126.0,135.0,260.0,106.0,0
c38a9dd5d9da96c77f670bd16167d2bb,161.0,170.0,173.0,151.0,387.0,139.0,0
c3a0219628e784d5f35656fde43dec8f,219.0,180.0,107.0,107.0,79.0,137.0,0
c3bc51ae499db675fc9030f545592f14,85.0,425.0,256.0,241.0,219.0,262.0,0
c99af80f7f0be36c8c930918e3899ab5,126.0,83.0,178.0,150.0,175.0,155.0,0
c25007eca40e6838db7ef8e80145c70f,213.0,192.0,221.0,193.0,176.0,264.0,0
ca2b1c4986980e2a8860fc631d6285e8,367.0,287.0,366.0,60.0,420.0,262.0,0
ca4f9471158655b746c332898a7c0a49,130.0,122.0,271.0,142.0,121.0,123.0,0
ca6bff62f4e46cbb192152ec843ebdbf,18.0,221.0,127.0,18.0,253.0,138.0,0
cc268da546c4821676eda44e4b51fdc2,232.0,20.0,277.0,240.0,265.0,181.0,0
cc4d77f94ef10ae6e5007d1bdca6af49,115.0,142.0,177.0,97.0,66.0,69.0,0
ccbca291021f8d3bd4ec185904e1e2ed,150.0,156.0,246.0,150.0,348.0,203.0,0
cccf3eea593e3b182f94e960dbab829a,151.0,244.0,149.0,238.0,158.0,244.0,0
ccd4a562e39c95c770181279e53065ae,241.0,251.0,247.0,253.0,234.0,247.0,0
cd892a7f6b334dd0a18d7ae86edba212,398.0,107.0,448.0,204.0,457.0,224.0,0
cda8961da0112f94bf595a0207cf126c,162.0,63.0,201.0,161.0,207.0,161.0,0
ce7ee4433f713e9c4cf6a14abb4f5a8b,230.0,138.0,183.0,152.0,102.0,48.0,0
cf31fc2bdd7308ac5c845c72b280ea19,332.0,155.0,171.0,122.0,280.0,115.0,0
cf5d95ed6f3e975131a11a8c6180d26e,245.0,288.0,286.0,309.0,220.0,315.0,0
cfb44e6c8cbc26703745f74a6ef63dc5,287.0,261.0,217.0,137.0,271.0,313.0,0
d15d1952fef9cedb495075e8efa243dc,40.0,236.0,272.0,330.0,246.0,233.0,0
d400678aeca0f6316996ecbf8d258691,163.0,135.0,160.0,131.0,63.0,207.0,0
d4316aea9df1b0021834a7470a0d72ea,199.0,214.0,223.0,223.0,321.0,14.0,0
d7c59750fa6cfd29fb2c7b9e876bf776,330.0,4.0,264.0,8.0,330.0,105.0,0
d80f9d497ac99d020129f1134cd169ae,69.0,70.0,96.0,89.0,86.0,348.0,0
cde20eb3474d500c8c1b121d1f866e7d,68.0,559.0,194.0,473.0,303.0,314.0,0
d067cdbf77bcb6568d7f743e27a77e80,183.0,172.0,176.0,117.0,143.0,141.0,0
d0eaa1da4046495cb1f66e0cbc35cbd3,289.0,73.0,95.0,168.0,287.0,68.0,0
d2aa613794c351b62dba233e566fa962,154.0,496.0,103.0,514.0,240.0,244.0,0
d918cf51d44e727ce9b8b5bc214e7c13,234.0,202.0,186.0,173.0,287.0,331.0,0
d9690b8f1b03e8cfe8b4f30f363250d9,17.0,153.0,244.0,183.0,250.0,187.0,0
d5e156a164625141aee0085a8ca4f2c0,95.0,157.0,69.0,214.0,155.0,225.0,0
d5eb6a5494b9d007a510591665ed3016,180.0,68.0,103.0,224.0,179.0,62.0,0
d62bcd3858c6fd1d8a26770565218027,166.0,197.0,342.0,118.0,190.0,151.0,0
d87469a57da16cc26c1e0ce6c74aa075,197.0,201.0,194.0,196.0,191.0,204.0,0
d35dfd02c133dfafa0f73b54c48416d1,206.0,186.0,203.0,181.0,208.0,192.0,0
d3b7e165b17a139b81a6a11baac850f6,194.0,173.0,339.0,264.0,385.0,166.0,0
da52e41105a017decdb3eeed92c34dca,313.0,315.0,203.0,311.0,223.0,380.0,0
dad6f99320f1148de134bbdd5493f7bb,154.0,168.0,137.0,283.0,153.0,175.0,0
daf7eb9c03c0d572b236f4aaf00f8e29,32.0,262.0,193.0,152.0,194.0,146.0,0
d4fb3875a4cec3921fe3fb0833ca4aba,140.0,292.0,252.0,265.0,143.0,297.0,0
d888403e6f1cdb42e2952923b7e44830,123.0,339.0,128.0,55.0,212.0,230.0,0
db1fdf756f783fa6bdf63e47bad9ecca,281.0,116.0,206.0,245.0,112.0,415.0,0
de5d3c7b9ccc9841bbcbd0a6bd22171e,420.0,373.0,122.0,230.0,417.0,378.0,0
def080ba5f616bdabfc6f70a433ef0ff,173.0,154.0,32.0,281.0,168.0,155.0,0
df77f4e0eb602cae80d626d7b962dc97,229.0,104.0,247.0,206.0,161.0,132.0,0
dfcafcd9de3a85875b03a55d37cbd24d,214.0,219.0,152.0,468.0,282.0,263.0,0
dff1875df3d3862036c6a04b46c26714,63.0,82.0,329.0,90.0,63.0,76.0,0
e0030c076a71efa0fb52bb966c834c3b,229.0,27.0,83.0,271.0,192.0,29.0,0
e177d6a974cc785540ea41145bf09dc2,156.0,179.0,164.0,174.0,179.0,140.0,0
e1c39117b0c25e4e6bd8b100f291e4f4,279.0,327.0,294.0,137.0,267.0,166.0,0
e358e9931cace55cc328f96df16e2e28,271.0,75.0,143.0,98.0,167.0,171.0,0
e3594011fe1c06550fb6f2989717b9a2,208.0,200.0,204.0,195.0,210.0,154.0,0
df5b7bcd76927943757c32e5e997f7f3,225.0,113.0,154.0,141.0,149.0,136.0,0
e0db7008374be18254b48117dcfc5d29,171.0,135.0,56.0,352.0,207.0,165.0,0
85bfc8b3c93b473aa92ce1ed07691331,193.0,110.0,156.0,90.0,154.0,95.0,0
d4488acfe72bb3da5a38f7911ad711ad,17.0,245.0,338.0,229.0,339.0,237.0,0
e5e72a6627df2c31979a19b22fd8f4e2,175.0,222.0,253.0,43.0,17.0,124.0,0
e7e03171dff8c05fd44308bf480249b1,88.0,295.0,44.0,141.0,46.0,147.0,0
e8cc2ff40f2a2e83bb33462a06731dfa,205.0,87.0,199.0,88.0,242.0,229.0,0
e922c3fa1b95062699cd529d1833c5b0,192.0,95.0,92.0,114.0,195.0,100.0,0
e5196e9cbd77b27c66cbe596e8487bbd,49.0,437.0,46.0,432.0,96.0,513.0,0
e5323fce312349e0276a2d4de7212f9f,304.0,211.0,228.0,91.0,310.0,211.0,0
e582b04419122273ad69edf25efa28b2,42.0,83.0,208.0,146.0,353.0,254.0,0
e37db108d313263377a5006dc39fde22,131.0,146.0,200.0,309.0,133.0,153.0,0
e387ea3ec3d560b0bf66e727c570ca07,147.0,146.0,124.0,148.0,140.0,146.0,0
ea4e969b85d8cd1ba8b2688f5d8cda49,260.0,196.0,267.0,156.0,168.0,280.0,0
e80697c625ea1d1df87e8a3d65f8d670,242.0,87.0,151.0,12.0,239.0,225.0,0
eafa10c549c4d0e90ee123a8886ce0ca,78.0,181.0,101.0,239.0,102.0,118.0,0
eafaee42782c8e8cce0542bdf7e358ab,175.0,62.0,208.0,145.0,210.0,140.0,0
eb849d398ef0dd917516306a8851bb72,196.0,163.0,192.0,166.0,175.0,119.0,0
ebcf3c7faa4b33d7bbeb287bfa10416b,150.0,47.0,213.0,232.0,170.0,271.0,0
ec1d3e383e58ca3346a6baf39b48040e,239.0,352.0,244.0,355.0,211.0,400.0,0
ec22008762ac1a9d94448e1cbe4dd8a1,270.0,127.0,111.0,85.0,177.0,156.0,0
ec4b7945e2f8d0fdd4cd75e2587b087d,170.0,136.0,176.0,113.0,151.0,187.0,0
ec4d276122393ed14d560b8355179441,313.0,182.0,194.0,198.0,317.0,179.0,0
ecb2508e77a52859376945edc9e807c8,99.0,42.0,199.0,191.0,102.0,38.0,0
ecc8c7db9cda6f20f0dd4cf86ffefe2c,109.0,76.0,230.0,292.0,104.0,73.0,0
ed178ce34afc136c5d41dbd4e3df8c8f,48.0,137.0,171.0,154.0,166.0,159.0,0
edfe03f53f3f9b9d480201868bfbe863,228.0,56.0,103.0,81.0,224.0,82.0,0
ef090a013a161ced9b8fac4eceaa2333,389.0,180.0,261.0,177.0,256.0,178.0,0
ef4e99e4d6cb9bf869102f16e68dc199,320.0,474.0,16.0,591.0,322.0,480.0,0
ef5689cbdf2a319fa10abdab11c4ef30,146.0,163.0,201.0,42.0,69.0,235.0,0
ef5ee5db091e7f2929c989b033072458,119.0,84.0,223.0,115.0,108.0,83.0,0
efa6a51dbeceac7452d4f66d99e07e3f,110.0,94.0,113.0,11.0,7.0,146.0,0
efef108d6055e580a6279ee4d483e6eb,343.0,531.0,348.0,535.0,139.0,154.0,0
f7fd64ab15e9c1a93a2fe67c8ca43980,152.0,50.0,348.0,108.0,148.0,46.0,0
f2c1f507217a5990b98b91c495c57692,74.0,130.0,80.0,132.0,69.0,129.0,0
f30926100365314f42cf5c972c2928bc,192.0,126.0,146.0,130.0,49.0,99.0,0
f6dced914dc18e177f05818bafedc68e,214.0,112.0,209.0,116.0,218.0,116.0,0
f083505b2da3fcdd2b5ede5135a16d21,91.0,67.0,108.0,98.0,104.0,93.0,0
f08acee9697d8959ecade82d7d6ba09c,305.0,169.0,175.0,156.0,169.0,156.0,0
f487e11eb0c443c5c443fec6f8955e2e,275.0,194.0,143.0,121.0,140.0,117.0,0
f09400fc0e438f22e7e9b2a896cd47e8,307.0,22.0,153.0,164.0,107.0,153.0,0
f4c0eaa5b2d168ddcf7e657b3d04df2a,270.0,299.0,219.0,139.0,271.0,141.0,0
f35957f812f8fb2a72ec83ec7198dff3,73.0,184.0,59.0,97.0,95.0,113.0,0
f36c874659798edb9091804864971acc,222.0,209.0,187.0,365.0,187.0,93.0,0
fa4524dbc90f2745d411128edada4c10,271.0,362.0,65.0,295.0,150.0,195.0,0
fae0b0b603da36da25b191fbd4a4bb76,129.0,175.0,136.0,174.0,127.0,169.0,0
fca6c76d7c3ff2535b9dbd61d168f7c7,218.0,165.0,329.0,23.0,216.0,160.0,0
fcf155b6876a5d1ab07650a23981df9c,199.0,197.0,176.0,75.0,184.0,164.0,0
fcf7a9940a58e01276dd53e879d192ab,329.0,127.0,363.0,111.0,283.0,145.0,0
fd9e4022337589285e98d0cca07a9d3b,419.0,256.0,227.0,153.0,114.0,311.0,0
fda7196736355aea2958e3a0c25507e9,338.0,332.0,146.0,95.0,27.0,511.0,0
feb97ca71c3444b6c9eb534cab9e132c,109.0,285.0,150.0,166.0,149.0,176.0,0
ff179830cafb7a25a42c15dd8d47adc6,328.0,420.0,107.0,486.0,337.0,568.0,0
ffc28946bd561d02a880c583260b0e12,99.0,135.0,59.0,98.0,101.0,141.0,0
ff4fa1fd304f9422d7b4e47cfbfb1c94,247.0,34.0,284.0,197.0,110.0,253.0,0
ff6d1c1eda2df11d3f1779a4099dd1e1,87.0,94.0,29.0,11.0,42.0,153.0,0
0042521709f9feadc4ac2f7a41fb3cfe,333.0,239.0,309.0,39.0,327.0,237.0,0
00716770b4e5b557fd7e3340ebfeeb14,248.0,226.0,280.0,301.0,246.0,232.0,0
0116704c79dbda949002823577479c72,76.0,22.0,156.0,150.0,152.0,145.0,0
0149eb84b253772df3f6d3b479cd71d1,224.0,147.0,75.0,226.0,76.0,232.0,0
b28bbc64d0ae8f0eef4da530c46eaf9a,101.0,119.0,137.0,130.0,84.0,101.0,0
b3a158787e8255789a333a930248ddd0,8.0,303.0,14.0,100.0,10.0,102.0,0
b55ba3d23db881920820e9e42c7be139,322.0,373.0,167.0,155.0,215.0,448.0,0
61b19397eecb79d28c47b736ca0c5750,197.0,167.0,39.0,254.0,192.0,114.0,0
61e06882eac90a2095dbb56775f34137,181.0,160.0,154.0,189.0,240.0,46.0,0
62770d907e3228917f8b09bb3a7746e4,334.0,87.0,162.0,27.0,299.0,149.0,0
64533a0ed80f77bdd9872a4337f363cf,218.0,230.0,71.0,90.0,247.0,168.0,0
67dd1af67dd02b00fa1ea40adb0e05a5,160.0,267.0,198.0,121.0,49.0,538.0,0
63809ef069a504dc8fbd66fd1f408229,326.0,151.0,288.0,245.0,319.0,296.0,0
6381d1386a7c3a6536a53b444bbed1c3,200.0,174.0,107.0,101.0,117.0,80.0,0
d5c071843221acd94251ecade043f385,252.0,220.0,381.0,379.0,318.0,307.0,0
d68ad260be1b09b864012f7365b9f2c0,226.0,225.0,343.0,221.0,238.0,271.0,0
d6a47356291628735207f055875d3510,76.0,255.0,199.0,258.0,162.0,196.0,0
d814235b643e3f4e5bff4e836e5abbc9,254.0,16.0,251.0,20.0,349.0,497.0,0
d81fbf0fd03a10209dfb9c06cab0f830,139.0,311.0,195.0,545.0,95.0,375.0,0
d822f9743273b5062b51ee76fb7deae8,16.0,2.0,44.0,45.0,9.0,37.0,0
d8ac6e006a14a77ea97286998139c7f2,135.0,139.0,186.0,248.0,133.0,133.0,0
7937564d689fd0e68af07fde4ec525cf,162.0,257.0,225.0,26.0,225.0,33.0,0
795d792e2517faeddbce68433b74afa2,105.0,222.0,214.0,141.0,210.0,144.0,0
16b78ff36c6546521039f4b2a39cd96b,173.0,203.0,194.0,95.0,189.0,98.0,0
f0b43c2ec94c392978185b832ea066e6,167.0,181.0,172.0,183.0,162.0,178.0,0
f0b67ac12ed68f09c05c618d71dd992d,327.0,211.0,333.0,286.0,63.0,32.0,0
f0d04ea8b0cf1cf7637b03183c611531,71.0,114.0,65.0,114.0,75.0,117.0,0
f414ff965cc4e425a1cd7f425a97ff74,120.0,135.0,104.0,154.0,65.0,170.0,0
9af18fb26a492d1e83953a98f2e987be,96.0,317.0,331.0,417.0,329.0,412.0,0
9b17a3a5c346c384e5c6185630dc2560,389.0,44.0,405.0,321.0,383.0,43.0,0
124bc95dc0c84724f972cae6da05cb62,262.0,19.0,436.0,25.0,7.0,287.0,0
134d10edb5710a3d7264a8706c08fcb5,158.0,190.0,86.0,167.0,157.0,196.0,0
135fde01ee1357c344a34075dad467a8,166.0,79.0,23.0,55.0,162.0,76.0,0
13c55dabaa7c4b1327660559ad45e6da,234.0,205.0,188.0,258.0,117.0,101.0,0
1491e8dde87b414eae4e5690c2ae6a05,135.0,209.0,170.0,499.0,125.0,432.0,0
156ca17dd9698ae96241515415979acb,139.0,381.0,217.0,289.0,237.0,264.0,0
1589d10a46270c51877e9350ba802938,219.0,173.0,220.0,218.0,250.0,21.0,0
c79bb8fb3a9a8398d52427f7a17dfcfc,187.0,38.0,224.0,52.0,163.0,144.0,0
c8b282d7ec8b861fb8d9e1202de19150,224.0,166.0,56.0,44.0,263.0,193.0,0
4341186e72ec35aa6eca9caab24ddf1e,245.0,217.0,106.0,111.0,251.0,219.0,0
44831bbf1d1453578816a813346aa14a,184.0,366.0,312.0,98.0,189.0,367.0,0
4361cb517b54ea6efd4b8888dca49275,101.0,178.0,174.0,122.0,64.0,138.0,0
88551cfc011d3747f14b0128de5efc5c,236.0,130.0,145.0,150.0,265.0,191.0,0
89808101e5448380c3620a9191b6a150,123.0,102.0,146.0,184.0,118.0,99.0,0
899a96be958a3ef5ef6b91a8eb6f72eb,198.0,261.0,85.0,62.0,192.0,262.0,0
8a22971da45dfe9ad6792a33a5fae9a6,96.0,300.0,101.0,304.0,102.0,49.0,0
8b2c02dfdc099e192172b41d7ae7abbe,163.0,126.0,148.0,25.0,163.0,102.0,0
709f776def7f4c6352bd9a09c2d9c040,108.0,534.0,143.0,405.0,130.0,273.0,0
716472a6acf1960fcc97cdf9eb649527,220.0,121.0,266.0,22.0,215.0,122.0,0
e624e85d53ba5d3765157f39b5732e57,217.0,128.0,234.0,43.0,5.0,130.0,0
e67bc69198ed2f65c0d6b86540a0c494,262.0,82.0,261.0,75.0,261.0,88.0,0
e737fba6e0ad3cbb1858724106e19d68,25.0,293.0,255.0,30.0,19.0,294.0,0
a485d5a763716abd1f95979c3060c867,125.0,157.0,199.0,267.0,104.0,273.0,0
a4ca132929d4802c9886e575d965058f,273.0,106.0,156.0,144.0,201.0,238.0,0
a586f65c52d586fe5874bb4baa6c37ce,154.0,194.0,322.0,101.0,161.0,193.0,0
a59f715d16a89c1402430a9e69400350,205.0,83.0,9.0,240.0,106.0,173.0,0
faaa7be077b7bfbd415bd860d197bc2d,273.0,222.0,191.0,242.0,245.0,243.0,0
fad1c996eac7c2c4b405873b4348db77,211.0,353.0,363.0,131.0,23.0,327.0,0
348da37d2abf000e5706b9d06e5ffc4a,158.0,139.0,137.0,90.0,146.0,113.0,0
35a0ad12897f68989f560072ae5d0bc2,151.0,151.0,156.0,154.0,250.0,123.0,0
35d2a69ee94c74b6d36b76ecaea6bb39,271.0,112.0,269.0,106.0,269.0,118.0,0
36eb653347e3a2f27b6164bfa03ca33d,87.0,69.0,145.0,34.0,184.0,142.0,0
53913504582c77a122000f0b56c4f3a2,119.0,189.0,205.0,252.0,120.0,164.0,0
53d6b60e2b1bd66c55d34f8b449806b6,102.0,256.0,349.0,61.0,97.0,254.0,0
5464b3c3268cd17f1ee5b65c336214f8,219.0,184.0,40.0,200.0,219.0,190.0,0
5498a99f0622119be648db86dff37e61,227.0,33.0,218.0,111.0,71.0,186.0,0
558764896413eff70141ee8e38357365,52.0,97.0,58.0,99.0,49.0,92.0,0
55bf55bda1014901081d6b8169dadaf8,180.0,182.0,175.0,180.0,144.0,172.0,0
569ed6829f1db6de64895c71b3a03f3c,315.0,45.0,318.0,40.0,318.0,50.0,0
576f0e92201559a7efeeb91a80d6d818,100.0,125.0,107.0,122.0,107.0,129.0,0
5786ea29d7ee1e30b0ec56a75ff74a5c,4.0,254.0,26.0,70.0,138.0,142.0,0
6c744b66b42980f6fcd148a0f993ad27,236.0,204.0,373.0,187.0,228.0,205.0,0
bba18083757c6569909476ef6520c395,226.0,183.0,328.0,264.0,371.0,310.0,0
bd754becff19cd258a22fc4cee9a5ba1,142.0,138.0,138.0,141.0,148.0,134.0,0
df9b2d4468ef3baadf880ff3a22acc81,39.0,134.0,123.0,348.0,106.0,448.0,0
df9c8decfc23bcc680525cbcfcd70a73,246.0,217.0,435.0,286.0,242.0,213.0,0
e04cff594a74bab4b15f9dee3a4e43e0,290.0,72.0,285.0,73.0,350.0,303.0,0
afe87d259fa35394a02a16c3db251bed,185.0,158.0,183.0,163.0,261.0,198.0,0
b01401f764bf0317b8825edc6d854c66,166.0,209.0,168.0,204.0,161.0,211.0,0
b0cab26e16f256896fe83b8cea9f97fa,139.0,199.0,276.0,183.0,134.0,127.0,0
a6d3dd3cec5514a239fdaa5d44c91a7f,184.0,312.0,353.0,407.0,227.0,118.0,0
8dc4ef2f759ff068ac95d23e3ce8023a,171.0,341.0,319.0,116.0,209.0,65.0,0
8e075b4e231aa8503a2c0433524786f8,288.0,227.0,147.0,133.0,14.0,152.0,0
90127cccffdff4d110e6039f9501a38e,352.0,259.0,364.0,367.0,178.0,282.0,0
9157d7aa000e28f769f7f72f499c1d05,183.0,164.0,182.0,262.0,62.0,277.0,0
825c7043ef4bf9af5e5d1cc9c5022267,145.0,132.0,7.0,104.0,149.0,136.0,0
855f92b7212339f02bab4f8bd47e12d6,299.0,52.0,296.0,47.0,288.0,48.0,0
85ab32d4e8484d69840e6d1e57c7cf82,149.0,510.0,121.0,55.0,261.0,173.0,0
8656eef467ff9ad94ae98f7009fcbd98,234.0,207.0,267.0,239.0,226.0,209.0,0
86afa1ef2103f5188e75ee266e474f6d,68.0,132.0,65.0,136.0,60.0,159.0,0
3ca2cb67abc0db6c6fa2dc150697cb34,415.0,189.0,348.0,96.0,412.0,183.0,0
497113fa23ca9a8f288b9c67934b9a4f,231.0,84.0,238.0,85.0,65.0,86.0,0
49b7c95f0594be5f9f040d0806ea3ae6,140.0,102.0,175.0,162.0,100.0,132.0,0
7562ff3c008c2a1a52c262fcdb187346,177.0,127.0,197.0,95.0,166.0,151.0,0
7574c48116ccf3e5faf398d8b9fbb574,114.0,207.0,174.0,215.0,213.0,161.0,0
7581b0d61f7f337c021370b9294e29c7,152.0,40.0,124.0,143.0,129.0,146.0,0
766b2df3baac15c343d71296f2428fce,80.0,259.0,48.0,81.0,166.0,354.0,0
77cae5ff6c7d0c66f2a36801591208d6,13.0,130.0,14.0,125.0,7.0,131.0,0
783150e2bd64f91b038bc3831117587c,175.0,374.0,42.0,161.0,180.0,377.0,0
0527c4449619569cd565d724216aea04,153.0,170.0,156.0,166.0,195.0,36.0,0
054fbbc2a874b3ac0f2fd039260b2246,194.0,318.0,198.0,323.0,110.0,394.0,0
05a190a332c33ae29082e4ac18fff3ec,665.0,577.0,426.0,412.0,433.0,420.0,0
07a0ae61da608f7dc372ddf9f197a018,144.0,135.0,184.0,172.0,9.0,211.0,0
0a297116ca498f4fc90026bf4f708b8c,78.0,52.0,282.0,179.0,73.0,51.0,0
0a2cec8083f66be5e365125300b77a84,95.0,197.0,93.0,192.0,100.0,202.0,0
c3169b0861ccdaa123d21827e6a925d7,127.0,96.0,47.0,157.0,49.0,162.0,0
c527602c00370d2bc76687aa3a1b2e2c,87.0,78.0,219.0,146.0,215.0,142.0,0
c53405f92b11b22b109389915b3e8988,176.0,180.0,183.0,163.0,182.0,177.0,0
c53a592b7f8827910efcdcf3e390e262,26.0,113.0,20.0,113.0,32.0,113.0,0
22893199ef165e9c07a449d74d2f3410,174.0,276.0,234.0,179.0,7.0,308.0,0
229ff271a4649ea06f38516340660e3e,116.0,118.0,83.0,117.0,8.0,123.0,0
23641db1a6d81e50f8e0f55a4d3cd4a8,146.0,269.0,76.0,295.0,289.0,446.0,0
2451a04b9b0ad7aa6dfec78c13add9d7,214.0,158.0,213.0,153.0,209.0,156.0,0
2454f540ee216629248c12c4bc94f000,74.0,158.0,78.0,154.0,74.0,151.0,0
246aceb050d724db0a28b02ada9b4d87,171.0,257.0,23.0,447.0,166.0,260.0,0
25ce83aa30d3fb8ca116a20c7ec673d9,222.0,56.0,221.0,64.0,266.0,139.0,0
5a68775910f7648979d65f39acf28f19,179.0,128.0,176.0,162.0,184.0,125.0,0
b87cd3aaaaec78451570d074e1c9cb4a,238.0,437.0,56.0,352.0,357.0,170.0,0
b893f1c41abc51d03cce5fd25adb0379,228.0,112.0,108.0,134.0,226.0,105.0,0
b8aa57a88dcda0c31d4adc31b9b28e27,102.0,128.0,78.0,137.0,98.0,132.0,0
b8d0dbd85b87c061f827042aa89028de,198.0,441.0,344.0,410.0,242.0,198.0,0
b8d7b8054368fcda2ff5d93b7d5bf3b2,177.0,300.0,72.0,309.0,16.0,362.0,0
b912eb9ecd0f33335c87bbd4e84ffcf6,124.0,164.0,123.0,169.0,249.0,36.0,0
b926868f706f593219ddc2e8e24c1410,25.0,140.0,178.0,200.0,302.0,233.0,0
92c16cf8867407d5deaad311cfa7b3e2,140.0,103.0,148.0,114.0,142.0,109.0,0
9350ce4ce440ba9191ac8440ec66540b,214.0,195.0,215.0,189.0,215.0,201.0,0
93bc7d70207e803f267a0526f444cc7c,237.0,178.0,254.0,342.0,179.0,199.0,0
9549f600a675b6e98144403e70ebdd8f,149.0,130.0,78.0,147.0,231.0,382.0,0
188aa72b3d83d60195b161b7b943c540,322.0,207.0,321.0,214.0,306.0,33.0,0
fe7ea24787166454800b945d75c8bdb4,124.0,273.0,75.0,33.0,79.0,37.0,0
fe9fa0742df07bb5b5c3efaafb0c9f53,79.0,44.0,196.0,132.0,73.0,43.0,0
fffbc65cff7705cc5bca00328d92c004,177.0,169.0,173.0,172.0,71.0,191.0,0
a95e94ef22b160b9f27629c17bcb393a,115.0,99.0,106.0,20.0,111.0,103.0,0
a974c1b22bb0be39409a7a8577612848,132.0,322.0,324.0,442.0,164.0,261.0,0
a994070b685d64e5cb60755f6029235d,202.0,84.0,278.0,161.0,87.0,214.0,0
f547c5e3b2ce47e9539fcb2f44c6f515,176.0,59.0,136.0,43.0,154.0,184.0,0
f5a0bcedeed591641efdacda69a435b7,21.0,341.0,159.0,120.0,167.0,118.0,0
f5c2eb447ed99259e1d9230ebec77395,355.0,472.0,219.0,302.0,340.0,297.0,0
f8643b0e89c665939bff10f1b2592113,85.0,174.0,139.0,187.0,87.0,168.0,0
64e52d9825a43f6aff4293cca5ef2a09,314.0,120.0,67.0,54.0,308.0,118.0,0
668b8dc72d7a2bee6445a792c7fa8424,613.0,206.0,339.0,213.0,568.0,409.0,0
693ed0e2a140dbf0232a84d80a5ee576,352.0,69.0,223.0,196.0,247.0,135.0,0
697143b8f2c17c1b70b86f0c9d9f9a48,276.0,354.0,360.0,122.0,274.0,348.0,0
a038dc6ba318797835e83b67562d33b5,142.0,180.0,121.0,95.0,169.0,206.0,0
a07cf212af3a92c9fa20c9f190e98164,222.0,282.0,321.0,99.0,39.0,23.0,0
a213e7a7158ff95fd62c228bcb959e56,7.0,206.0,102.0,48.0,93.0,164.0,0
e0adee5d210155f292f8ce812e18369a,141.0,456.0,127.0,161.0,232.0,386.0,0
e0d156a44e87124cf10acd4e55c6b8e7,291.0,204.0,107.0,58.0,332.0,399.0,0
e235cbcd1fca308ff55fce2d2bd6795a,184.0,146.0,203.0,161.0,194.0,152.0,0
d0e10114996c8f02e90a0292c4d10aa1,115.0,134.0,119.0,138.0,111.0,130.0,0
d273fb77993a5220402294ad39e780d7,235.0,95.0,241.0,94.0,182.0,339.0,0
3032599baf4aea7dea69d31ee5f7b807,213.0,386.0,303.0,60.0,295.0,60.0,0
30a8971fe3b32d63db591f200019b098,63.0,74.0,64.0,69.0,63.0,79.0,0
318a18087d4e4abb6642b60f4c06cf1d,123.0,75.0,115.0,103.0,93.0,152.0,0
318bc2c952d8b9b77b98d9398022d64a,303.0,298.0,207.0,241.0,419.0,237.0,0
31b54c84308f4028474cc3d5bdb558cf,203.0,114.0,208.0,117.0,204.0,120.0,0
334a9fc140e435282e4968957734de5d,202.0,197.0,266.0,234.0,82.0,169.0,0
9638ff44e1dacd6a9d564162473aebf2,158.0,152.0,156.0,147.0,82.0,235.0,0
96631791cde4d1ce6a11d037b66f57b5,134.0,139.0,53.0,145.0,128.0,139.0,0
986fa0293bc25f846236b881c77be898,138.0,216.0,137.0,210.0,135.0,206.0,0
cb2f4ff5838446ca6d5aada623d7533a,94.0,71.0,53.0,152.0,147.0,45.0,0
8c3f0a6e929c3d22358b8ec5a492fd36,329.0,101.0,192.0,158.0,271.0,104.0,0
80c16213055120e608bed023f82be988,295.0,162.0,117.0,161.0,289.0,161.0,0
8137d3b1910e8484c3471a828553f1df,230.0,162.0,221.0,60.0,41.0,105.0,0
25d45bbb19a0fdacffcb1b03f02a283c,201.0,109.0,103.0,104.0,207.0,113.0,0
ee92aa85890dfcda0818ea765f6197d9,174.0,137.0,178.0,142.0,169.0,135.0,0
ea19c99af046122a76374b84e5e97bb6,196.0,203.0,75.0,148.0,138.0,254.0,0
48577b68128f6ee5b4bfdfab7190d4c0,195.0,162.0,248.0,186.0,248.0,180.0,0
63cec17ed8cae76fa2152235f0342c68,238.0,274.0,125.0,463.0,313.0,358.0,0
3793d4a04ccb4c3272853bc526c2c8a6,129.0,156.0,214.0,30.0,28.0,136.0,0
37aa5ede8e44db137bbde50edb6d6943,86.0,279.0,106.0,69.0,349.0,238.0,0
38e89e740b35e0b6cd30bcbb87f085d9,185.0,75.0,124.0,137.0,181.0,71.0,0
5d55e02f21fe8a1f0f8fc48baac4a9fe,117.0,100.0,168.0,122.0,120.0,97.0,0
603d67231e72b0d02b942a0ec8aaacd5,107.0,64.0,183.0,54.0,123.0,169.0,0
4f95b3e7501d4f095fa2dff571fc45a4,103.0,285.0,265.0,94.0,123.0,101.0,0
2678223a5070dbb6998cc10f030e9884,136.0,63.0,131.0,139.0,135.0,57.0,0
27e2eceb526df41d0b621f3c7b61a4f1,511.0,200.0,513.0,192.0,519.0,200.0,0
